state,count
,1
(NEAT),10
CAPILLARY,1
FILM,1
FILM FROM C2HCl3 SOLUTION,2
GAS,6
"GAS (10 mmHg, N2 ADDED, TOTAL PRESSURE 600 mmHg)",7
GAS (100 mmHg DILUTED TO A TOTAL PRESSURE OF 400 mmHg WITH N2),1
GAS (100 mmHg DILUTED TO A TOTAL PRESSURE OF 600 mmHg WITH N2),1
GAS (100 mmHg DILUTED TO A TOTAL PRESSURE OF ABOUT 1 ATMOSPHERE WITH NITROGEN),1
"GAS (100 mmHg, N2 ADDED, TOTAL PRESSURE 600 mmHg)",34
"GAS (100 mmHg, N2 ADDED, TOTAL PRESSURE 600 mmHg)
NOTE: High partial pressure may produce unreliable values in the range
of 2500 to 3400 cm-1; see scan of original spectrum.",1
"GAS (100 mmHg, N2 ADDED, TOTAL PRESSURE 600 mmHg)
NOTE: High partial pressure may produce unreliable values in the range
of 2600 to 3400 cm-1; see scan of original spectrum.",1
"GAS (100 mmHg, N2 ADDED, TOTAL PRESSURE = ATMOSPHERIC RESSURE)",1
"GAS (106 mmHg, N2 ADDED, TOTAL PRESSURE 600 mmHg)",1
"GAS (12 mmHg, N2 ADDED, TOTAL PRESSURE 600 mmHg)",1
GAS (13 mmHg DILUTED TO A TOTAL PRESSURE OF 600 mmHg WITH N2),1
"GAS (13 mmHg, N2 ADDED, TOTAL PRESSURE 600 mmHg)",2
"GAS (14 mmHg, N2 ADDED, TOTAL PRESSURE 600 mmHg)",1
"GAS (15 mmHg, N2 ADDED, TOTAL PRESSURE 600 mmHg)",3
GAS (150 mmHg DILUTED TO A TOTAL PRESSURE OF 600 mmHg WITH N2),1
"GAS (150 mmHg DILUTED TO A TOTAL PRESSURE OF 600 mmHg WITH N2)
NOTE: High partial pressure may produce unreliable values in the range
of 2700 to 3300 cm-1; see scan of original spectrum.",1
"GAS (150 mmHg, N2 ADDED, TOTAL PRESSURE 600 mmHg)",3
"GAS (150 mmHg, N2 ADDED, TOTAL PRESSURE 600 mmHg)
NOTE: High partial pressure may produce unreliable values in the range
of 2500 to 3400 cm-1; see scan of original spectrum.",1
GAS (16 mmHg DILUTED TO A TOTAL PRESSURE OF 600 mmHg WITH N2),2
"GAS (17 mmHg, N2 ADDED, TOTAL PRESSURE 600 mmHg)",1
GAS (18 mmHg DILUTED TO A TOTAL PRESSURE OF 600 mmHg WITH N2),1
"GAS (18 mmHg, N2 ADDED, TOTAL PRESSURE 600 mmHg)",1
"GAS (2.1 mmHg, N2 ADD, TOTAL PRESSURE 600 mmHg)",1
"GAS (20 mmHg, N2 ADDED, TOTAL PRESSURE 600 mmHg)",6
GAS (200 mmHg DILUTED TO A TOTAL PRESSURE OF 600 mmHg WITH N2),3
GAS (200 mmHg DILUTED TO A TOTAL PRESSURE OF 600 mmHg WITH NITROGEN),1
"GAS (200 mmHg, N2 ADDED, TOTAL PRESSURE 600 mmHg)",1
"GAS (22 mmHg, N2 ADDED, TOTAL PRESSURE 750 mmHg)",1
"GAS (23 mmHg, N2 ADDED, TOTAL PRESSURE 600 mmHg)",1
"GAS (25 mmHg, N2 ADDED, TOTAL PRESSURE 600 mmHg)",3
GAS (250 mmHg),1
GAS (280 mmHg DILUTED TO A TOTAL PRESSURE OF 600 mmHg WITH N2),1
"GAS (3.5 ml, VAPORIZED AT 100 C)",1
"GAS (30 mmHg, N2 ADDED, TOTAL PRESSURE 600 mmHg)",12
"GAS (35 mmHg, N2 ADDED, TOTAL PRESSURE 600 mmHg)",1
GAS (40 PPM),1
"GAS (40 mmHg, N2 ADDED, TOTAL PRESSURE 600 mmHg)",4
GAS (400 mmHg DILUTED TO A TOTAL PRESSURE OF 600 mmHg WITH N2),1
"GAS (490 mmHg, N2 ADDED, TOTAL PRESSURE 600 mmHg)",1
GAS (50 mmHg DILUTED TO A TOTAL PRESSURE OF 600 mmHg WITH N2),3
"GAS (50 mmHg, N2 ADDED, TOTAL PRESSURE 600 mmHg)",16
GAS (515 mmHg),1
GAS (6 mmHg DILUTED TO A TOTAL PRESSURE OF 600 mmHg WITH N2),1
GAS (6 mmHg DILUTED WITH N2),1
GAS (6 mmHg) VS. EVACUATED CELL,1
"GAS (6 mmHg, N2 ADD, TOTAL PRESSURE 600 mmHg)",1
GAS (6.5 mmHg DILUTED TO A TOTAL PRESSURE OF 600 mmHg WITH N2),1
"GAS (60 mmHg, N2 ADDED, TOTAL PRESSURE 600 mmHg)",5
GAS (600 mmHg DILUTED TO A TOTAL PRESSURE OF 600 mmHg WITH N2),2
"GAS (65 mmHg, N2 ADDED, TOTAL PRESSURE 600 mmHg)",1
GAS (7 mmHg DILUTED TO A TOTAL PRESSURE OF 700 mmHg WITH N2),1
"GAS (7 mmHg, N2 ADDED, TOTAL PRESSURE 600 mmHg)",1
"GAS (70 mmHg, N2 ADDED, TOTAL PRESSURE 600 mmHg)",3
GAS (75 mmHg DILUTED TO A TOTAL PRESSURE OF 600 mmHg WITH N2),1
"GAS (8 mmHg, N2 ADDED, TOTAL PRESSURE 600 mmHg)",1
"GAS (80 mmHg, N2 ADDED, TOTAL PRESSURE 600 mmHg)",3
"GAS (90 mmHg, N2 ADDED, TOTAL PRESSURE 600 mmHg)",1
GAS (ABOUT 100 mmHg DILUTED WITH NITROGEN),1
GAS (PRESSURE 20 mmHg),1
GAS (SATURATED),1
GAS (VAPOR PRESSURE OF LIQUID AT ROOM TEMPERATURE),2
GAS (VAPOR),4
"GAS (VAPOR, NO DILUENT)",1
"GAS IN SOLUTION (CCl4 FOR 3800-1330, CS2 FOR 1330-450 CM^-^1)",1
GAS; $$ MATHESON CO. 99% PURE,1
LIQUID,592
LIQUID $$ KNOWN PUURITY 99.1%,1
LIQUID (MELT),1
LIQUID (NEAT),540
LIQUID (NEAT) FOR 2.6-26 MICRON,1
LIQUID (NEAT) VS ONE NaCl WINDOW IN REFERENCE BEAM,1
"LIQUID (NEAT, HYGROSCOPIC)",1
LIQUID (Neat),1
LIQUID (SHELL CHEM. CO. COMM.),1
LIQUID (SMEAR),2
LIQUID (UNDILUTED),5
LIQUID (VISC.),2
LIQUID (VISCOUS); $$ RESEARCH PURITY,1
LIQUID(NEAT),1
LIQUID; $$ RESEARCH PURITY,2
MELT,1
MELTED BETWEEN KBr PLATES,1
NEAT,2
"SALTED SOLUTION (CCl4 FOR 3800-1330, CS2 FOR 1330-450 CM^-^1)",1
"SATURATED SOLUTION (CCl4 FOR 3800-1330, CS2 FOR 1330-450 CM^-^1)",1
"SATURATED SOLUTION( CCl4 FOR 3800-1230, CS2 FOR 1230-400 CM^-^1)",1
SEMI-SOLID (NEAT),3
SOLID,23
"SOLID
SEE SPECTRUM NO. 2532 FOR LIQUID",1
SOLID ( KBr PELLET),1
SOLID ( MULL),1
SOLID ( MULL;KEL-F FOR 5000-1330 AND MINERAL OIL FOR 1330-625 CM^-^1)),1
SOLID ( MULL;KEL-F FOR 5000-1350 AND MINERAL OIL FOR 1350-625 CM^-^1)),1
SOLID (0.02 MOLAR IN KBr DISC),2
SOLID (0.02 MOLAR IN KBr PELLET),1
SOLID (0.1 mg / 650 mg KBr DISC),1
SOLID (0.12% IN KBr PELLET),1
SOLID (0.14% IN KBr PELLET),1
SOLID (0.3 mg / 300 mg CsI DISC),6
SOLID (0.3 mg / 300 mg CsI DISC) PLUS OIL,2
SOLID (0.3 mg / 300 mg CsI PELLET),3
SOLID (0.3 mg / 650 KBr DISC),1
SOLID (0.3 mg / 650 mg KBr DISC),1
"SOLID (0.3 mg / 650 mg, KBr DISC)",1
SOLID (0.30% IN KBr PELLET),1
SOLID (0.4 mg / 300 mg CsI DISC),2
SOLID (0.4 mg / 650 mg KBr DISC),9
"SOLID (0.4 mg / 650 mg, KBr DISC)",1
SOLID (0.45 mg / 650 mg KBr DISC),1
SOLID (0.5 mg / 200 mg KBr DISC),1
SOLID (0.5 mg / 300 mg CsI DISC),14
SOLID (0.5 mg / 300 mg CsI PELLET),3
SOLID (0.5 mg / 650 mg KBr DISC),16
"SOLID (0.5 mg / 650 mg, KBr DISC)",2
SOLID (0.5% IN KBr PELLET),10
SOLID (0.5% KBr DISC),1
SOLID (0.5% KBr PELLET),5
SOLID (0.5% in KBr),1
SOLID (0.50% IN KBr PELLET),2
SOLID (0.51 mg / 200 mg KBr DISC),1
SOLID (0.52% IN KBr DISC),1
SOLID (0.6 mg / 200 mg KBr DISC),1
SOLID (0.6 mg / 300 mg CsI DISC),3
SOLID (0.6 mg / 300 mg KBr DISC),1
"SOLID (0.6 mg / 300 mg KBr DISC)
SEE SPECTRUN NO. 1730 FOR ""OIL MULL"" RUN",1
SOLID (0.6 mg / 650 KBr DISC),1
SOLID (0.6 mg / 650 mg KBr DISC),29
"SOLID (0.6 mg / 650 mg, KBr DISC)",2
SOLID (0.7 mg / 200 mg KBr DISC),1
SOLID (0.7 mg / 300 mg CsI PELLET),1
SOLID (0.7 mg / 500 mg KBr DISC),34
"SOLID (0.7 mg / 625 mg, KBr DISC)",1
SOLID (0.7 mg / 650 KBr DISC),2
SOLID (0.7 mg / 650 mg KBr DISC),39
SOLID (0.7 mg / 650 mg KBr DISC) VS ONE NaCl WINDOW IN BEAM,1
SOLID (0.7 mg / 650 mg KBr DISC) VS ONE NaCl WINDOW IN REFERENCE BEAM,1
"SOLID (0.7 mg / 650 mg, KBr DISC)",2
SOLID (0.7 mg / 670 mg KBr DISC),1
SOLID (0.7% IN KBr PELLET),1
SOLID (0.7% KBr PELLET),1
SOLID (0.72 mg / 200 mg KBr DISC),1
SOLID (0.75 mg / 641 mg KBr DISC),1
SOLID (0.75 mg / 650 mg KBr DISC),2
SOLID (0.75% IN KBr PELLET),3
SOLID (0.75% KBr PELLET),1
SOLID (0.8 MG / 650 mg KBr DISC,1
SOLID (0.8 m / 650 mg KBr DISC),1
SOLID (0.8 mg / 200 mg KBr DISC) VS KBr,1
SOLID (0.8 mg / 230 mg KBr DISC),1
SOLID (0.8 mg / 230 mg KBr DISC) VS SCREEN,1
"SOLID (0.8 mg / 230 mg, KBr DISC) VS. SCREEN",1
SOLID (0.8 mg / 250 mg KBr DISC),1
"SOLID (0.8 mg / 259 mg, KBr DISC)",1
SOLID (0.8 mg / 300 mg CsI DISC),4
SOLID (0.8 mg / 300 mg CsI PELLET),4
SOLID (0.8 mg / 300 mg KBr DISC),2
SOLID (0.8 mg / 400 mg KBr DISC),1
SOLID (0.8 mg / 650 KBr DISC),6
SOLID (0.8 mg / 650 mg KBr DISC),108
"SOLID (0.8 mg / 650 mg, KBr DISC)",4
SOLID (0.8/650 mg KBr DISC),1
SOLID (0.86 mg / 300 mg KBr PELLET),1
SOLID (0.89% IN KBr DISC),1
SOLID (0.9 / 650 mg KBr DISC),1
SOLID (0.9 mg / 200 mg KBr DISC),3
SOLID (0.9 mg / 200 mg KCl DISC),1
SOLID (0.9 mg / 200 mg KCl DISC) VS KCl,1
SOLID (0.9 mg / 300 mg KBr DISC),2
SOLID (0.9 mg / 649 mg KBr),1
SOLID (0.9 mg / 650 KBr DISC),2
SOLID (0.9 mg / 650 mg KBr DISC),52
"SOLID (0.9 mg / 650 mg, KBr DISC)",5
SOLID (0.9 mg / 655 mg KBr DISC),1
SOLID (0.93 mg / 200 mg KBr DISC),1
SOLID (0.95 mg / 200 mg KBr DISC),1
SOLID (0.95 mg / 200 mg KBr DISC) VS KBr,1
SOLID (0.95 mg / 650 mg KBr DISC),1
SOLID (0.95 mg / 653 mg KBr),1
SOLID (0.95 mg / 655 mg KBr DISC),1
SOLID (0.99 mg / 200 mg KBr DISC),1
SOLID (0.99% IN KBr DISC),1
SOLID (1 MG / 200 mg KBr DISC),1
SOLID (1 mg / 100 mg KBr DISC),6
"SOLID (1 mg / 100 mg, KBr DISC)",5
SOLID (1 mg / 125 mg KBr DISC),1
SOLID (1 mg / 200 mg KBr DISC),19
SOLID (1 mg / 200 mg KBr DISC) VS KBr,12
SOLID (1 mg / 200 mg KCl DISC),4
SOLID (1 mg / 200 mg KCl DISC) VS KCl,9
SOLID (1 mg / 250 mg KBr DISC),1
SOLID (1 mg / 300 mg CsI DISC),3
SOLID (1 mg / 300 mg CsI PELLET),1
SOLID (1 mg / 300 mg KBr DISC),3
SOLID (1 mg / 350 mg KBr DISC),1
SOLID (1 mg / 400 mg KBr DISC),1
SOLID (1 mg / 500 mg KBr DISC),47
SOLID (1 mg / 650 KBr DISC),2
SOLID (1 mg / 650 mg KBr DISC),346
"SOLID (1 mg / 650 mg, KBr DISC)",5
SOLID (1 mg /6 50 mg KBr DISC),1
SOLID (1 mg /650 mg KBr DISC),1
SOLID (1% IN KBr DISC),1
SOLID (1% IN KBr),3
SOLID (1% IN KI),2
SOLID (1% KBr DISC),1
SOLID (1.0 m / 350 mg KBr DISC),1
SOLID (1.0 mg / 200 mg KBr DISC),2
SOLID (1.0 mg / 200 mg KBr DISC) VS. KBr,1
"SOLID (1.0 mg / 650 mg FOR 3900-1100 AND 0.5 mg / 650 mg FOR 1100-400 CM^-^1, KBr DISC)",1
SOLID (1.0 mg / 650 mg KBr DISC),25
SOLID (1.0% IN KBr PELLET),100
SOLID (1.0% KBr PELLET),3
SOLID (1.01 mg / 201 mg KCl DISC),1
SOLID (1.02 mg / 200 mg KBr DISC),1
SOLID (1.03 mg / 200 mg KCl DISC),1
SOLID (1.05 mg / 200 mg KCl DISC) VS KCl,1
SOLID (1.05 mg / 650 mg KBr DISC),1
SOLID (1.1 mg / 300 mg KBr DISC),1
SOLID (1.1 mg / 350 mg KBr DISC),2
SOLID (1.1 mg / 650 mg KBr DISC),1
SOLID (1.13% IN KBr DISC),2
SOLID (1.2 mg / 125 mg KBr DISC),1
SOLID (1.2 mg / 200 mg KBr DISC),2
SOLID (1.2 mg / 200 mg KBr DISC) VS. KBr,1
SOLID (1.2 mg / 200 mg KCl DISC),1
SOLID (1.2 mg / 250 mg KBr DISC),9
SOLID (1.2 mg / 300 mg CsI DISC),1
SOLID (1.2 mg / 300 mg CsI PELLET),2
SOLID (1.2 mg / 300 mg KBr DISC),5
SOLID (1.2 mg / 380 mg KBr DISC),1
SOLID (1.2 mg / 400 mg KBr DISC),1
SOLID (1.2 mg / 400 mg KBr PELLET),1
SOLID (1.2 mg / 650 mg KBr DISC),6
SOLID (1.2% IN KBr PELLET),1
SOLID (1.25 mg / 300 mg KBr DISC),1
SOLID (1.3 mg / 200 mg KBr DISC),1
SOLID (1.3 mg / 210 mg CsI DISC),1
SOLID (1.3 mg / 300 mg KBr DISC),1
SOLID (1.3 mg / 380 mg KBr DISC),1
SOLID (1.3 mg / 400 mg KBr PELLET),2
SOLID (1.3 mg / 650 mg KBr DISC),3
SOLID (1.3% IN KBr DISC),1
SOLID (1.4 mg / 200 mg KBr),1
SOLID (1.4 mg / 212 mg KBr DISC) VS. KBr,1
SOLID (1.4 mg / 350 mg KBr DISC),1
SOLID (1.4 mg / 400 mg KBr DISC),1
SOLID (1.4/250 mg KBr DISC),1
SOLID (1.46 mg / 400 mg KBr PELLET),1
SOLID (1.5 mg / 100 mg KBr PELLET),5
SOLID (1.5 mg / 100 mg KBr),19
SOLID (1.5 mg / 200 mg KBr),2
SOLID (1.5 mg / 250 mg KBr DISC),1
SOLID (1.5 mg / 300 mg KBr DISC),4
SOLID (1.5 mg / 350 mg KBr DISC) VS AIR,2
SOLID (1.5 mg / 350 mg KBr DISC) VS. AIR,1
"SOLID (1.5 mg / 650 mg, KBr DISC)",1
"SOLID (1.5% , KBr DISC)",1
SOLID (1.5% IN KBr PELLET),2
"SOLID (1.5%, KBr DISC)",2
SOLID (1.6 mg / 100 mg KBr),3
SOLID (1.6 mg / 200 mg KBr DISC),1
SOLID (1.6 mg / 200 mg KBr),8
SOLID (1.6 mg / 250 mg KBr DISC),2
"SOLID (1.6 mg / 350 mg KBr DISC); SAMPLE GROUND WITH SOLVENT, C2HCl3 AND DRIED",1
SOLID (1.6 mg / 400 mg KBr DISC),1
SOLID (1.6 mg / 650 mg KBr DISC),2
SOLID (1.7 mg / 100 mg KBr),3
SOLID (1.7 mg / 200 mg KBr),4
SOLID (1.7 mg / 650 mg KBr DISC),1
SOLID (1.8 mg / 100 mg KBr),7
SOLID (1.8 mg / 200 mg KBr),7
"SOLID (1.8 mg / 350 mg KBr DISC)
SEE SPECTRUM 9702 FOR ""MULL"" RUN",1
SOLID (1.8 mg / 360 mg KBr DISC),1
SOLID (1.8 mg / 500 mg KBr DISC),2
SOLID (1.8 mg / 650 mg KBr DISC),1
SOLID (1.9 mg / 100 mg KBr PELLET),1
SOLID (1.9 mg / 100 mg KBr),5
SOLID (1.9 mg / 200 mg KBr PELLET),1
SOLID (1.9 mg / 200 mg KBr),1
SOLID (15 mg / 100 mg KBr),1
SOLID (2 mg / 100 mg KBr DISC) VS. KBr,1
SOLID (2 mg / 100 mg KBr),6
SOLID (2 mg / 200 mg (1%) KBr DISC),4
SOLID (2 mg / 200 mg KI DISC),1
SOLID (2 mg / 300 mg CsI DISC),1
SOLID (2 mg / 300 mg KBr PELLET),1
SOLID (2.0 mg / 100 mg KBr),4
SOLID (2.0 mg / 200 mg KBr),2
SOLID (2.0% IN KBr PELLET),1
SOLID (2.2 mg / 100 mg KBr DISC) VS. KBr,1
SOLID (2.2 mg / 100 mg KBr),1
SOLID (2.2% KBr PELLET),1
SOLID (2.4 mg / 360 mg KBr DISC),2
SOLID (2.4 mg / 650 mg KBr DISC),1
SOLID (2.5 mg / 300 mg CsI DISC),1
SOLID (2.5% IN KBr PELLET),1
SOLID (2.9 mg / 650 mg KBr DISC),1
SOLID (3 mg / 300 mg CsI DISC),1
SOLID (3 mg / 300 mg KBr PELLET),1
SOLID (5 mg / 200 mg KBr DISC),1
SOLID (5 mg / 250 mg CsI PELLET),1
SOLID (5% KBr PELLET),1
SOLID (8 mg / 200 mg KBr DISC),2
SOLID (8.0 mg / 400 mg KBr DISC),1
SOLID (ARNEEL C MULL),5
SOLID (ARNEEL C MULL) ; COMPENSATED,1
SOLID (ARNEEL C MULL); COMPENSATED,1
SOLID (BETWEEN SALTS),23
SOLID (COCONITRILE MULL),5
SOLID (CsI DISC),1
SOLID (CsI PELLET),1
"SOLID (DRY POWDER AND FLUOROLUBE MULL FOR LOW AND HIGH FREQUENCY REGIONS, RESPECTIVELY)",1
SOLID (DRY POWDER),2
SOLID (FLUOROLUBE MULL FOR HIGH FREQUENCY REGION AND DRY POWDER FOR LOW FREQUENCY REGION),1
SOLID (FROM MELT),1
SOLID (KBR DISC),1
SOLID (KBr DISC DRIED IN VACUUM DESICCATOR),1
SOLID (KBr DISC),298
SOLID (KBr DISC) VS KBr,22
SOLID (KBr DISC) VS KCl,1
SOLID (KBr DISC) VS. KBr,1
"SOLID (KBr DISC), CsI DISC FOR 400-50 CM^-^1",1
"SOLID (KBr DISC, 0.8 WT.)",1
"SOLID (KBr DISC, 0.8 and 0.2% WT.)",1
"SOLID (KBr DISC, 0.8% WT.)",38
"SOLID (KBr DISC, 0.8, 0.2% WT.)",1
"SOLID (KBr DISC, 0.8-1% WT)",1
"SOLID (KBr DISC, 0.9% WT.)",31
"SOLID (KBr DISC, 1% WT.)",3
"SOLID (KBr DISC, GROUND WITH CHCl3)",1
SOLID (KBr PELLET),358
"SOLID (KBr PELLET); $$ RECRYSTALLIZED FROM TOLUENE, CONTAINS 5% CIS ISOMER",1
SOLID (KBr PELLET); $$ RESEARCH PURITY,1
"SOLID (KBr PELLET); $$ RESEARCH PURITY, CONTAINS A SMALL AMOUNT TRIMETHYLAMINE-BORANE",1
SOLID (KBr PRESSING),109
SOLID (KBr WAFER),12
SOLID (KBr),1
SOLID (KCl DISC),6
SOLID (KCl DISC) VS KCl,13
SOLID (KCl PELLET),2
SOLID (KI DISC),1
SOLID (MELT BETWEEN PLATES),1
SOLID (MELT),19
"SOLID (MELT, COOLED RAPIDLY)",1
SOLID (MELTED),1
"SOLID (MICRO SPLIT MULL), FLUOROLUBE FOR 3800-1335 CM^-^1, NUJOL FOR 1335-460 CM^-^1",1
SOLID (MINERAL OIL MULL OF CS2 INSOLUBLES),1
SOLID (MINERAL OIL MULL),633
"SOLID (MINERAL OIL MULL, AFTER ETHANOL PPTN.)",3
SOLID (MULL IN COCONITRILE OIL),7
SOLID (MULL IN COCONITRILE),1
SOLID (MULL),58
"SOLID (MULL, KBr DISC)",4
"SOLID (MULL, KBr PLATES)",2
"SOLID (MULL, KEL-F OIL FOR 2-7.4 AND MINERAL OIL FOR 7.4-16 MICRONS))",1
"SOLID (MULL, KEL-F OIL FOR 2-7.5 AND MINERAL OIL FOR 7.5-16 MICRONS)",4
"SOLID (MULLS, FLUOROLUBE FOR 5000-1330 CM^-^1, NUJOL FOR 1330-625 CM^-^1)",1
"SOLID (MULLS, KEL-F OIL FOR 2-7.5 AND MINERAL OIL FOR 7.5-16 MICRONS)",1
SOLID (MULLS; KEL-F FOR 5000-1350 AND MINERAL OIL FOR 1350-625 CM^-^1),1
SOLID (NEAT),4
"SOLID (NEAT, CsBr PLATE)",1
"SOLID (NEAT, HYGROSCOPIC)",1
"SOLID (NEAT, MELT)",3
"SOLID (NEAT, VERY HYGROSCOPIC)",1
SOLID (NUJOL AND FLUOROLUBE MULLS),18
SOLID (NUJOL ANF FLUOROLUBE MULLS),1
SOLID (NUJOL MULL),388
SOLID (NUJOL MULL) VS NUJOL,4
SOLID (NUJOL MULLS),1
SOLID (NUJOL OIL MULL),1
SOLID (NUJOL),3
SOLID (OIL MULL OF CS2 INSOLUBLES),1
SOLID (OIL MULL),272
"SOLID (OIL MULL, BETWEEN KBr DISCS)",1
"SOLID (OIL MULL, CsBr PLATES)",2
"SOLID (OIL MULL, KRS-5 PLATES)",1
SOLID (PELLET),35
"SOLID (SEMI-SOLID, NEAT)",1
"SOLID (SPLIT MULL VS SCREEN), FLUOROLUBE FOR 3800-1330 CM^-^1, NUJOL FOR 1330-400 CM^-^1",1
"SOLID (SPLIT MULL vs. SCREEN), FLUOROLUBE FOR 3800-1330 CM^-^1, NUJOL FOR 1330-400 CM^-^1",1
SOLID (SPLIT MULL),236
"SOLID (SPLIT MULL) DRY BOX, N2 ATMOSPHERE",1
"SOLID (SPLIT MULL) NaCl PLATE FOR 3800-1333 CM^-^1, KBr PLATE FOR 1333-400 CM^-^1",1
"SOLID (SPLIT MULL), FLUOROLUBE FOR 2.8-7.5 MICRON, NUJOL FOR 7.5-26 MICRON",1
"SOLID (SPLIT MULL), FLUOROLUBE FOR 3800-1275 CM^-^1, NUJOL FOR 1275-200 CM^-^1",1
"SOLID (SPLIT MULL), FLUOROLUBE FOR 3800-1330 CM^-^1, NUJOL FOR 1330-200 CM^-^1",1
"SOLID (SPLIT MULL), FLUOROLUBE FOR 3800-1330 CM^-^1, NUJOL FOR 1330-250 CM^-^1",1
"SOLID (SPLIT MULL), FLUOROLUBE FOR 3800-1330 CM^-^1, NUJOL FOR 1330-400 CM^-^1",270
"SOLID (SPLIT MULL), FLUOROLUBE FOR 3800-1330 CM^-^1, NUJOL FOR 1330-400 CM^-^1, VS SCREEN",4
"SOLID (SPLIT MULL), FLUOROLUBE FOR 3800-1330 CM^-^1, NUJOL FOR 1330-400 CM^-^1;",1
"SOLID (SPLIT MULL), FLUOROLUBE FOR 3800-1330 CM^-^1, NUJOL FOR 1330-400 CM^-^1; (DRY BOX UNDER N2)",1
"SOLID (SPLIT MULL), FLUOROLUBE FOR 3800-1330 CM^-^1, NUJOL FOR 1330-400 CM^-^1; NUJOL SPECIMEN IS THICKER THAN FLUOROLUBE BY ca. 2X",1
"SOLID (SPLIT MULL), FLUOROLUBE FOR 3800-1330 CM^-^1, NUJOL FOR 1330-440 CM^-^1",1
"SOLID (SPLIT MULL), FLUOROLUBE FOR 3800-1330 CM^-^1, NUJOL FOR 1330-450 CM^-^1",70
"SOLID (SPLIT MULL), FLUOROLUBE FOR 3800-1330 CM^-^1, NUJOL FOR 1330-460 CM^-^1",70
"SOLID (SPLIT MULL), FLUOROLUBE FOR 3800-1330 CM^-^1, NUJOL FOR 1330-470 CM^-^1",16
"SOLID (SPLIT MULL), FLUOROLUBE FOR 3800-1330 CM^-^1, NUJOL FOR 1330-500 CM^-^1",2
"SOLID (SPLIT MULL), FLUOROLUBE FOR 3800-1333 CM^-^1, NUJOL FOR 1333-400 CM^-^1",1
"SOLID (SPLIT MULL), FLUOROLUBE FOR 3800-1335 CM^-^1, NUJOL FOR 1335-400 CM^-^1",16
"SOLID (SPLIT MULL), FLUOROLUBE FOR 3800-1335 CM^-^1, NUJOL FOR 1335-450 CM^-^1",5
"SOLID (SPLIT MULL), FLUOROLUBE FOR 3800-1335 CM^-^1, NUJOL FOR 1335-460 CM^-^1",7
"SOLID (SPLIT MULL), FLUOROLUBE FOR 3800-1340 CM^-^1, NUJOL FOR 1340-400 CM^-^1",2
"SOLID (SPLIT MULL), FLUOROLUBE FOR 3800-1340 CM^-^1, NUJOL FOR 1340-465 CM^-^1",1
"SOLID (SPLIT MULL), FLUOROLUBE FOR 3800-2430 CM^-^1, NUJOL FOR 2350-450 CM^-^1",1
"SOLID (SPLIT MULL), FLUOROLUBE FOR 4000-1330 CM^-^1, NUJOL FOR 1330-460 CM^-^1",1
"SOLID (SPLIT MULL), FLUOROLUBE FOR 4000-1335 CM^-^1, NUJOL FOR 1335-400 CM^-^1",1
"SOLID (SPLIT MULL), FLUOROLUBE FOR 4000-1335 CM^-^1, NUJOL FOR 1335-460 CM^-^1",1
"SOLID (SPLIT MULL), FLUOROLUBE FOR 4000-1340 CM^-^1, NUJOL FOR 1340-400 CM^-^1",25
"SOLID (SPLIT MULL), HALOCARBON FOR 3800-1340 CM^-^1, NUJOL FOR 1340-400 CM^-^1",1
"SOLID (SPLIT MULL), HALOCARBON FOR 3800-1700 CM^-^1, NUJOL FOR 1700-400 CM^-^1",1
"SOLID (SPLIT MULL); HCB FOR 1-8 MICRON, NUJOL FOR 8-16 MICRON",1
"SOLID (SPLIT MULL, DRY BOX UNDER N2), FLUOROLUBE FOR 3800-1330 CM^-^1, NUJOL FOR 1330-400 CM^-^1",1
"SOLID (SPLIT MULL, DRY BOX), FLUOROLUBE FOR 3800-1330 CM^-^1, NUJOL FOR 1330-400 CM^-^1",1
"SOLID (SPLIT MULL, FLUOROLUBE FOR 3800-1300 AND NUJOL FOR 1300-230 CM ^-^1)",1
"SOLID (SPLIT MULL, FLUOROLUBE FOR 3800-1300 AND NUJOL FOR 1300-240 CM ^-^1)",1
"SOLID (SPLIT MULL, FLUOROLUBE FOR 3800-1300 AND NUJOL FOR 1300-250 CM ^-^1)",1
"SOLID (SPLIT MULL, FLUOROLUBE FOR 3800-1300 AND NUJOL FOR 1300-270 CM ^-^1)",1
"SOLID (SPLIT MULL, FLUOROLUBE FOR 3800-1300 AND NUJOL FOR 1300-400 CM ^-^1)",2
"SOLID (SPLIT MULL, FLUOROLUBE FOR 3800-1300 AND NUJOL FOR 1300-460 CM ^-^1)",1
"SOLID (SPLIT MULL, FLUOROLUBE FOR 3800-1330 AND NUJOL FOR 1330-240 CM ^-^1)",1
"SOLID (SPLIT MULL, FLUOROLUBE FOR 3800-1330 AND NUJOL FOR 1330-400 CM ^-^1)",26
"SOLID (SPLIT MULL, FLUOROLUBE FOR 3800-1330 AND NUJOL FOR 1330-450 CM ^-^1)",4
"SOLID (SPLIT MULL, FLUOROLUBE FOR 3800-1330 AND NUJOL FOR 1330-460 CM ^-^1)",4
"SOLID (SPLIT MULL, FLUOROLUBE FOR 3800-1330, AND NUJOL FOR 1330-460 CM ^-^1)",1
"SOLID (SPLIT MULL, FLUOROLUBE FOR 3800-1333 AND NUJOL FOR 1333-330 CM ^-^1)",1
"SOLID (SPLIT MULL, FLUOROLUBE FOR 3800-1333 AND NUJOL FOR 1333-400 CM ^-^1)",12
"SOLID (SPLIT MULL, FLUOROLUBE FOR 3800-1333 AND NUJOL FOR 1333-450 CM ^-^1)",4
"SOLID (SPLIT MULL, FLUOROLUBE FOR 3800-1333 AND NUJOL FOR 1333-460 CM ^-^1)",4
"SOLID (SPLIT MULL, FLUOROLUBE FOR 3800-1340 AND NUJOL FOR 1340-400 CM ^-^1)",1
"SOLID (SPLIT MULL, FLUOROLUBE FOR 3800-1340 AND NUJOL FOR 1340-450 CM ^-^1)",3
"SOLID (SPLIT MULL, FLUOROLUBE FOR 3800-1340 AND NUJOL FOR 1340-470 CM ^-^1)",3
"SOLID (SPLIT MULL, FLUOROLUBE FOR 3800-1340 AND NUJOL FOR 1340-480 CM ^-^1)",1
"SOLID (SPLIT MULL, FLUOROLUBE FOR 3800-1345 AND NUJOL FOR 1345-470 CM ^-^1)",1
"SOLID (SPLIT MULL, HEXACHLOROBUTADIENE FOR 2-6, 6.6-8, 13.2-14.4, AND MINERAL OIL FOR 6-6.6, 8-13.2, 14.4-15.6 MICRONS)",1
"SOLID (SPLIT MULL: 2.5-7.5 HALOCARBON, 7.5-15.0 NUJOL), INTENSITIES MATCHED",1
"SOLID (SPLIT MULL: FLUOROLUBE FOR 3800-1330 CM^-^1, MINERAL OIL FOR 1330-400 CM^-^1)",1
"SOLID (SPLIT MULL: FLUOROLUBE FOR 3800-1330 CM^-^1, NUJOL FOR 1330-400 CM^-^1)",1
"SOLID (SPLIT MULL: FLUOROLUBE FOR 3800-1330 CM^-^1, NUJOL FOR 1330-450 CM^-^1)",1
"SOLID (SPLIT MULL: FLUOROLUBE FOR 3800-1330 CM^-^1, NUJOL FOR 1330-450 CM^-^1), REF. SCREENED FIRST HALF",1
"SOLID (SPLIT MULL: FLUOROLUBE FOR 3800-1333 CM^-^1, NUJOL FOR 1333-430 CM^-^1)",1
SOLID (VAPOR AT 160 C),1
SOLID(MINERAL OIL MULL),20
SOLID(MINERAL OIL MULL-HALOCARBON),1
SOLID(SPLIT MULL),1
SOLUTION,1
"SOLUTION (0% CCl4 FOR 2.7-7.5, 10% CS2 FOR 7.5-26 MICRON) VS SOLVENT",1
SOLUTION (0.2 M CHCl3 FOR 2.5-12.5 MICRON) VS SOLVENT,2
SOLUTION (0.2 M CHCl3 FOR 2.5-15 MICRON) VS SOLVENT,1
SOLUTION (0.2M IN CHCl3 FOR 2.5-12.5 MICRON) VS. SOLVENT,1
SOLUTION (0.2M IN CHCl3),5
"SOLUTION (1% CCl4 FOR 3800-1330, 1% CS2 FOR 1330-400 CM^-^1)",5
"SOLUTION (1% CCl4 FOR 3800-1330, 1% CS2 FOR 1330-400 CM^-^1))",1
"SOLUTION (1% CCl4 FOR 3800-1330, 1% CS2 FOR 1330-450 CM^-^1)",1
"SOLUTION (1% CCl4 FOR 3800-1330, 1% CS2 FOR 1330-470)",1
"SOLUTION (1% CCl4 FOR 3800-1340, 1% CS2 FOR 1340-450) VS SOLVENT",1
"SOLUTION (1% CCl4 FOR 5000-1330, 1% CS2 FOR 1330-625 CM^-^1)",5
SOLUTION (1% CHCl3),1
SOLUTION (1% CS2 FOR 2.6-22),1
"SOLUTION (1% IN CCl4 FOR 3800-1333, 1% IN CS2 FOR 1333-400 CM^-^1)",2
"SOLUTION (1% IN CCl4 FOR 3800-1333, 1% IN CS2 FOR 1333-450 CM^-^1) VS. SOLVENT",1
"SOLUTION (1% IN CCl4 FOR 3800-1340, 1% IN CS2 FOR 1340-400 CM^-^1)",1
"SOLUTION (1% IN CCl4 FOR 5000-1350 CM^-^1, 1% IN CS2 FOR 1350-625 CM^-^1)",1
SOLUTION (1% IN CS2),1
SOLUTION (1.09 M IN MINERAL OIL); $$ RESEARCH PURITY,1
"SOLUTION (1.3% IN CS2 FOR 2-15, 1.3% IN C2Cl4 FOR 5.2-7.3 MICRONS)",1
"SOLUTION (1.3% IN CS2 FOR 2-15, 1.3% IN C2Cl4 FOR 6.1-7.2 MICRONS)",1
"SOLUTION (1.5% CCl4 FOR 3800-1330, 2.0% CS2 FOR 1330-400 CM^-^1)",1
SOLUTION (1.75% CHCl3 FOR 2.5-12.2 MICRON) VS SOLVENT,1
SOLUTION (1.75% CHCl3 FOR 2.5-15 MICRON),1
SOLUTION (1.9% IN CS2),1
"SOLUTION (10% CCl4 FOR 2-7.5, 10% CS2 FOR 7.5-15.9 MICRON)",2
"SOLUTION (10% CCl4 FOR 2-7.5, 10% CS2 FOR 7.5-16 MICRON)",1
"SOLUTION (10% CCl4 FOR 2-7.5, 10% CS2 FOR 7.5-16 MICRON) VS SOLVENT",1
"SOLUTION (10% CCl4 FOR 2-7.5, 10% CS2 FOR 7.5-16 MICRONS)",1
"SOLUTION (10% CCl4 FOR 2-7.5, 10% CS2 FOR 7.5-16.0 MICRON)",1
"SOLUTION (10% CCl4 FOR 2-7.6, 10% CS2 FOR 7.5-16 CM^-^1)",1
"SOLUTION (10% CCl4 FOR 2-7.6, 10% CS2 FOR 7.6-15.9 MICRON)",4
"SOLUTION (10% CCl4 FOR 2-7.6, 10% CS2 FOR 7.6-16 MICRON)",3
"SOLUTION (10% CCl4 FOR 2-7.6, SATURATED-LESS THAN 10% -NaCl ADDED CS2 FOR 7.4-16)",1
"SOLUTION (10% CCl4 FOR 2.0-7.5, 10% CS2 FOR 7.5-16 MICRON)",1
"SOLUTION (10% CCl4 FOR 2.0-7.5, 10% CS2 FOR 7.5-16.0 MICRON)",2
"SOLUTION (10% CCl4 FOR 2.0-7.6, 2% CS2 FOR 7.6-16.0 MICRON)",1
"SOLUTION (10% CCl4 FOR 2.0.7-7.6, 10% CS2 FOR 7.6-16.0 MICRON)",1
"SOLUTION (10% CCl4 FOR 2.5-7.5, 10% CS2 FOR 7.5-15 MICRON)",13
"SOLUTION (10% CCl4 FOR 2.5-7.5, 10% CS2 FOR 7.5-16 MICRON)",37
"SOLUTION (10% CCl4 FOR 2.5-7.5, 10% CS2 FOR 7.5-16 MICRONS)",11
"SOLUTION (10% CCl4 FOR 2.6-7.5, 10% CS2 FOR 7.5-22 MICRON)",6
"SOLUTION (10% CCl4 FOR 2.6-7.5, 10% CS2 FOR 7.5-22)",1
"SOLUTION (10% CCl4 FOR 2.6-7.5, 10% CS2 FOR 7.5-22, 2% CS2 FOR 7.5-8.9 MICRON)",1
"SOLUTION (10% CCl4 FOR 2.6-7.5, 10% CS2 FOR 7.5-23 MICRON)",1
"SOLUTION (10% CCl4 FOR 2.6-7.5, 10% CS2 FOR 7.5-24 MICRON)",1
"SOLUTION (10% CCl4 FOR 2.6-7.5, 10% CS2 FOR 7.5-24)",2
"SOLUTION (10% CCl4 FOR 2.6-7.5, 10% CS2 FOR 7.5-25 MICRON)",1
"SOLUTION (10% CCl4 FOR 2.6-7.5, 10% CS2 FOR 7.5-26 MICRON)",2
"SOLUTION (10% CCl4 FOR 2.6-7.5, 10% CS2 FOR 7.5-26)",2
"SOLUTION (10% CCl4 FOR 2.6-7.6, 10% CS2 FOR 7.6-25 MICRON)",1
SOLUTION (10% CCl4 FOR 2.7-26 MICRON),1
"SOLUTION (10% CCl4 FOR 2.7-7.4, 10% CS2 FOR 7.4-22)",1
"SOLUTION (10% CCl4 FOR 2.7-7.5, 10% CS2 FOR 7.5-25 MICRON) VS SOLVENT",1
"SOLUTION (10% CCl4 FOR 2.7-7.5, 10% CS2 FOR 7.5-26 MICRON)",1
"SOLUTION (10% CCl4 FOR 2.7-7.5, 10% CS2 FOR 7.5-26 MICRON) VS SOLVENT",62
"SOLUTION (10% CCl4 FOR 2.7-7.5, 10% CS2 FOR 7.5-26 micron) VS SOLVENT",1
"SOLUTION (10% CCl4 FOR 2.7-7.5, CS2 FOR 7.5-26 MICRON) VS SOLVENT",9
"SOLUTION (10% CCl4 FOR 3800-1270, 2% CS2 FOR 1300-650, AND 10% CCl4 FOR 650-280)",1
"SOLUTION (10% CCl4 FOR 3800-1300, 10% CS2 FOR 1300-400 CM^-^1)",1
"SOLUTION (10% CCl4 FOR 3800-1300, 10% CS2 FOR 1300-400)",1
"SOLUTION (10% CCl4 FOR 3800-1300, 10% CS2 FOR 1300-550, AND 10% CCl4 FOR 550-250)",1
"SOLUTION (10% CCl4 FOR 3800-1300, 10% CS2 FOR 1300-650, AND 10% CCl4 FOR 650-200)",1
"SOLUTION (10% CCl4 FOR 3800-1300, 10% CS2 FOR 1300-650, AND 10% CCl4 FOR 650-250)",2
"SOLUTION (10% CCl4 FOR 3800-1300, 11% CS2 FOR 1300-620, AND 10% CCl4 FOR 620-250)",1
"SOLUTION (10% CCl4 FOR 3800-1300, 11% CS2 FOR 1300-630, AND 10% CCl4 FOR 630-250) VS SOLVENT",1
"SOLUTION (10% CCl4 FOR 3800-1300, 11% CS2 FOR 1300-650, AND 10% CCl4 FOR 650-250) VS SOLVENT",1
"SOLUTION (10% CCl4 FOR 3800-1300, 2% CS2 FOR 1300-600, AND 10% CCl4 FOR 600-250)",1
"SOLUTION (10% CCl4 FOR 3800-1300, 2% CS2 FOR 1300-620, AND 10% CCl4 FOR 620-240) VS SOLVENT",1
"SOLUTION (10% CCl4 FOR 3800-1300, 2% CS2 FOR 1300-620, AND 10% CCl4 FOR 620-250)",1
"SOLUTION (10% CCl4 FOR 3800-1300, 2% CS2 FOR 1300-630, AND 10% CCl4 FOR 630-270) VS SOLVENT",1
"SOLUTION (10% CCl4 FOR 3800-1300, 2% CS2 FOR 1300-650, AND 10% CCl4 FOR 650-240) VS SOLVENT",1
"SOLUTION (10% CCl4 FOR 3800-1300, 2% CS2 FOR 1300-650, AND 10% CCl4 FOR 650-250)",16
"SOLUTION (10% CCl4 FOR 3800-1300, 2% CS2 FOR 1300-650, AND 10% CCl4 FOR 650-250) VS SOLVENT",4
"SOLUTION (10% CCl4 FOR 3800-1300, 2% CS2 FOR 1300-650, AND 10% CCl4 FOR 650-250); $$ SEE SPECTRUM NO. 4901 FOR PRISM SPECTRUM",1
"SOLUTION (10% CCl4 FOR 3800-1300, 2% CS2 FOR 1300-650, AND 10% CCl4 FOR 650-260) VS SOLVENT",4
"SOLUTION (10% CCl4 FOR 3800-1300, 3% CS2 FOR 1300-600, AND 10% CCl4 FOR 600-240)",1
"SOLUTION (10% CCl4 FOR 3800-1300, 3% CS2 FOR 1300-600, AND 10% CCl4 FOR 600-250) VS SOLVENT",1
"SOLUTION (10% CCl4 FOR 3800-1300, 3% CS2 FOR 1300-650, AND 10% CCl4 FOR 650-250)",1
"SOLUTION (10% CCl4 FOR 3800-1300, 6% CS2 FOR 1300-600, AND 10% CCl4 FOR 600-250)",1
"SOLUTION (10% CCl4 FOR 3800-1300, 6% CS2 FOR 1300-630, AND 10% CCl4 FOR 630-260) VS SOLVENT",1
"SOLUTION (10% CCl4 FOR 3800-1320, 10% CS2 FOR 1320-400)",1
"SOLUTION (10% CCl4 FOR 3800-1320, 10% CS2 FOR 1320-450 CM^-^1)",1
"SOLUTION (10% CCl4 FOR 3800-1325, 10% CS2 FOR 1325-400 CM^-^1)",1
"SOLUTION (10% CCl4 FOR 3800-1330, 10% AND 2% CS2 FOR 1330-400 CM^-^1)",1
"SOLUTION (10% CCl4 FOR 3800-1330, 10% CS2 FOR 1330-350 CM^-^1) VS SOLVENT",1
"SOLUTION (10% CCl4 FOR 3800-1330, 10% CS2 FOR 1330-400 CM^-^1)",117
"SOLUTION (10% CCl4 FOR 3800-1330, 10% CS2 FOR 1330-400 CM^-^1) VA SOLVENT",1
"SOLUTION (10% CCl4 FOR 3800-1330, 10% CS2 FOR 1330-400 CM^-^1) VS SOLVENT",19
"SOLUTION (10% CCl4 FOR 3800-1330, 10% CS2 FOR 1330-400 CM^-^1))",8
"SOLUTION (10% CCl4 FOR 3800-1330, 10% CS2 FOR 1330-400)",18
"SOLUTION (10% CCl4 FOR 3800-1330, 10% CS2 FOR 1330-400) VS SOLVENT",1
"SOLUTION (10% CCl4 FOR 3800-1330, 10% CS2 FOR 1330-400, 2% CCl4 FOR 3200-2700 CM^-^1)",1
"SOLUTION (10% CCl4 FOR 3800-1330, 10% CS2 FOR 1330-400, AND 2% CCl4 FOR 3300-2300 CM^-^1) VS SOLVENT",1
"SOLUTION (10% CCl4 FOR 3800-1330, 10% CS2 FOR 1330-420 CM^-^1)",3
"SOLUTION (10% CCl4 FOR 3800-1330, 10% CS2 FOR 1330-430 CM^-^1)",2
"SOLUTION (10% CCl4 FOR 3800-1330, 10% CS2 FOR 1330-430 CM^-^1) VS SOLVENT",1
"SOLUTION (10% CCl4 FOR 3800-1330, 10% CS2 FOR 1330-440 CM^-^1)",4
"SOLUTION (10% CCl4 FOR 3800-1330, 10% CS2 FOR 1330-440 CM^-^1) VS SOLVENT",1
"SOLUTION (10% CCl4 FOR 3800-1330, 10% CS2 FOR 1330-450 CM^-^1)",66
"SOLUTION (10% CCl4 FOR 3800-1330, 10% CS2 FOR 1330-450 CM^-^1) VS SOLVENT",2
"SOLUTION (10% CCl4 FOR 3800-1330, 10% CS2 FOR 1330-450)",5
"SOLUTION (10% CCl4 FOR 3800-1330, 10% CS2 FOR 1330-455 CM^-^1)",1
"SOLUTION (10% CCl4 FOR 3800-1330, 10% CS2 FOR 1330-460 CM^-^1)",42
"SOLUTION (10% CCl4 FOR 3800-1330, 10% CS2 FOR 1330-460 CM^-^1) VS SOLVENT",6
"SOLUTION (10% CCl4 FOR 3800-1330, 10% CS2 FOR 1330-470 CM^-^1)",3
"SOLUTION (10% CCl4 FOR 3800-1330, 10% CS2 FOR 1330-470 CM^-^1) VS SOLVENT",4
"SOLUTION (10% CCl4 FOR 3800-1330, 10% CS2 FOR 1330-470, 2% CCl4 FOR 1850-1570 CM^-^1)",1
"SOLUTION (10% CCl4 FOR 3800-1330, 2% CCl4 FOR 1850-1500, AND 10% CS2 FOR 1330-400 CM^-^1)",1
"SOLUTION (10% CCl4 FOR 3800-1330, 6% CS2 FOR 1330-450 CM^-^1)",1
"SOLUTION (10% CCl4 FOR 3800-1330, 9.5% CS2 FOR 1330-460 CM^-^1)",1
"SOLUTION (10% CCl4 FOR 3800-1330, SATURATED SOLUTION OF CS2 FOR 1330-670 CM^-^1) VS SOLVENT",1
"SOLUTION (10% CCl4 FOR 3800-1333, 10% CS2 FOR 1333-400 CM^-^1)",2
"SOLUTION (10% CCl4 FOR 3800-1333, 10% CS2 FOR 1333-430 CM^-^1)",2
"SOLUTION (10% CCl4 FOR 3800-1333, 10% CS2 FOR 1333-440 CM^-^1)",4
"SOLUTION (10% CCl4 FOR 3800-1333, 10% CS2 FOR 1333-450 CM^-^1)",5
"SOLUTION (10% CCl4 FOR 3800-1335, 10% CS2 FOR 1335-400 CM^-^1)",17
"SOLUTION (10% CCl4 FOR 3800-1335, 10% CS2 FOR 1335-400 CM^-^1) VS SOLVENT",4
"SOLUTION (10% CCl4 FOR 3800-1335, 10% CS2 FOR 1335-400) VS SOLVENT",1
"SOLUTION (10% CCl4 FOR 3800-1335, 10% CS2 FOR 1335-420 CM^-^1)",1
"SOLUTION (10% CCl4 FOR 3800-1335, 10% CS2 FOR 1335-430 CM^-^1)",1
"SOLUTION (10% CCl4 FOR 3800-1335, 10% CS2 FOR 1335-450 CM^-^1)",15
"SOLUTION (10% CCl4 FOR 3800-1335, 10% CS2 FOR 1335-450 CM^-^1) VS SOLVENT",1
"SOLUTION (10% CCl4 FOR 3800-1335, 10% CS2 FOR 1335-460 CM^-^1)",9
"SOLUTION (10% CCl4 FOR 3800-1335, 10% CS2 FOR 1335-460 CM^-^1) VS SOLVENT",3
"SOLUTION (10% CCl4 FOR 3800-1335, ca. 10% CS2 FOR 1335-400 CM^-^1)",1
"SOLUTION (10% CCl4 FOR 3800-1340, 10% CS2 FOR 1340-400 CM^-^1)",14
"SOLUTION (10% CCl4 FOR 3800-1340, 10% CS2 FOR 1340-400 CM^-^1) VS SOLVENT",2
"SOLUTION (10% CCl4 FOR 3800-1340, 10% CS2 FOR 1340-400)",1
"SOLUTION (10% CCl4 FOR 3800-1340, 10% CS2 FOR 1340-400) VS SOLVENT",1
"SOLUTION (10% CCl4 FOR 3800-1340, 10% CS2 FOR 1340-430 CM^-^1)",1
"SOLUTION (10% CCl4 FOR 3800-1340, 10% CS2 FOR 1340-430)",3
"SOLUTION (10% CCl4 FOR 3800-1340, 10% CS2 FOR 1340-435 CM^-^1)",1
"SOLUTION (10% CCl4 FOR 3800-1340, 10% CS2 FOR 1340-440)",1
"SOLUTION (10% CCl4 FOR 3800-1340, 10% CS2 FOR 1340-450 CM^-^1)",21
"SOLUTION (10% CCl4 FOR 3800-1340, 10% CS2 FOR 1340-450)",1
"SOLUTION (10% CCl4 FOR 3800-1340, 10% CS2 FOR 1340-460 CM^-^1)",4
"SOLUTION (10% CCl4 FOR 3800-1340, 10% CS2 FOR 1340-460 CM^-^1) VS SOLVENT",2
"SOLUTION (10% CCl4 FOR 3800-1340, 10% CS2 FOR 1340-465 CM^-^1) VS SOLVENT",2
"SOLUTION (10% CCl4 FOR 3800-1340, 10% CS2 FOR 1340-470 CM^-^1)",3
"SOLUTION (10% CCl4 FOR 3800-1340, 10% CS2 FOR 1340-470 CM^-^1) VS SOLVENT",2
"SOLUTION (10% CCl4 FOR 3800-1340, 10% CS2 FOR 1340-480 CM^-^1)",1
"SOLUTION (10% CCl4 FOR 3800-1350, 10% CS2 FOR 1350-400 CM^-^1)",2
"SOLUTION (10% CCl4 FOR 3800-1350, 10% CS2 FOR 1350-400)",1
"SOLUTION (10% CCl4 FOR 3800-1350, 10% CS2 FOR 1350-420 CM^-^1)",1
"SOLUTION (10% CCl4 FOR 3800-1350, 10% CS2 FOR 1350-420)",1
"SOLUTION (10% CCl4 FOR 3800-1350, 10% CS2 FOR 1350-450 CM^-^1)",1
"SOLUTION (10% CCl4 FOR 3800-1380, 10% CS2 FOR 1380-450)",1
"SOLUTION (10% CCl4 FOR 3800-1390, 10% CS2 FOR 1390-450)",1
"SOLUTION (10% CCl4 FOR 3800-1430, 10% CS2 FOR 1430-450 CM^-^1)",1
"SOLUTION (10% CCl4 FOR 3800-1500, 10% CS2 FOR 1500-400 CM^-^1)",1
"SOLUTION (10% CCl4 FOR 3800-1800, 10% CS2 FOR 1800-450 CM^-^1)",1
SOLUTION (10% CCl4 FOR 3800-400 CM^-^1),10
SOLUTION (10% CCl4 FOR 3800-400),1
SOLUTION (10% CCl4 FOR 3800-455 CM^-^1) VS SOLVENT,1
SOLUTION (10% CCl4 FOR 3800-460 CM^-^1),2
SOLUTION (10% CCl4 FOR 3800-470 CM^-^1),2
"SOLUTION (10% CCl4 FOR 3800-670, 10% CS2 FOR 670-450)",1
"SOLUTION (10% CCl4 FOR 3800-900, 2% CS2 FOR 900-640, AND 10% CCl4 FOR 650-250)",1
"SOLUTION (10% CCl4 FOR 4000-1200, 10% CS2 FOR 1200-450 CM^-^1) VS SOLVENT",3
"SOLUTION (10% CCl4 FOR 4000-1220, 10% CS2 FOR 1220-450 CM^-^1) VS SOLVENT",1
"SOLUTION (10% CCl4 FOR 4000-1280, 10% CS2 FOR 1280-450 CM^-^1) VS SOLVENT",1
"SOLUTION (10% CCl4 FOR 4000-1300, 10% CS2 FOR 1300-450 CM^-^1) VS SOLVENT",3
"SOLUTION (10% CCl4 FOR 4000-1300, 10% CS2 FOR 1300-470 CM^-^1)",2
"SOLUTION (10% CCl4 FOR 4000-1300, 10% CS2 FOR 1300-480 CM^-^1) VS SOLVENT",2
"SOLUTION (10% CCl4 FOR 4000-1310, 10% CS2 FOR 1310-450 CM^-^1) VS SOLVENT",1
"SOLUTION (10% CCl4 FOR 4000-1320, 10% CS2 FOR 1320-450 CM^-^1) VS SOLVENT",2
"SOLUTION (10% CCl4 FOR 4000-1330, 10% CS2 FOR 1330-450 CM^-^1)",3
"SOLUTION (10% CCl4 FOR 4000-1330, 10% CS2 FOR 1330-450 CM^-^1) VS SOLVENT",5
"SOLUTION (10% CCl4 FOR 4000-1340, 10% CCl4 FOR 440-200, 10% CS2 FOR 1340-430 CM^-^1)",1
"SOLUTION (10% CCl4 FOR 4000-1350, 10% CCl4 FOR 440-200, 10% CS2 FOR 1350-440 CM^-^1)",1
SOLUTION (10% CCl4 FOR 4000-450 CM^-^1) VS SOLVENT,2
"SOLUTION (10% CCl4 FOR 5000-1300, 10% CS2 FOR 1300-625 CM^-^1)",22
"SOLUTION (10% CCl4 FOR 5000-1330, 10% CS2 FOR 1330-625 CM^-^1)",177
"SOLUTION (10% CCl4 FOR 5000-1333, 10% CS2 FOR 1333-625 CM^-^1)",1
SOLUTION (10% CCl4),1
"SOLUTION (10% CCl4/CsBr FOR 4000-1335, 10% CS2/CsI FOR 1335-623, 10% CCl4/CsBr FOR 623-300 CM^-^1)",1
SOLUTION (10% CHCl3 FOR 4000-550 CM^-^1) VS SOLVENT,1
SOLUTION (10% CHCl3),9
SOLUTION (10% CS2 FOR 3800-460 CM^-^1),1
"SOLUTION (10% CS2 FOR 5000-2380 AND 1390-625, 10% C2Cl4 FOR 2380-1390 CM^-^1)",8
"SOLUTION (10% IN CCl4 FOR 2-7.5, 10% IN CS2 FOR 7.5-15.9 MICRONS)",1
"SOLUTION (10% IN CCl4 FOR 3600-1330 CM^-^1, 10% IN CS2 FOR 1330-600 CM^-^1)",1
"SOLUTION (10% IN CCl4 FOR 3800-1230, 2% IN CS2 FOR 1230-600, AND 10% IN CCl4 FOR 600-240 CM^-^1) VS. SOLVENT",1
"SOLUTION (10% IN CCl4 FOR 3800-1250, 2% IN CS2 FOR 1250-650, AND 10% IN CCl4 FOR 650-250 CM^-^1)",1
"SOLUTION (10% IN CCl4 FOR 3800-1270, 2% IN CS2 FOR 1270-650, AND 8% IN CCl4 FOR 650-250 CM^-^1) VS. SOLVENT",1
"SOLUTION (10% IN CCl4 FOR 3800-1272, 2% IN CS2 FOR 1272-650, AND 10% IN CCl4 FOR 650-250 CM^-^1)",1
"SOLUTION (10% IN CCl4 FOR 3800-1280, 2% IN CS2 FOR 1280-600, AND 10% IN CCl4 FOR 600-250 CM^-^1) VS. SOLVENT",1
"SOLUTION (10% IN CCl4 FOR 3800-1290, 5% IN CS2 FOR 1300-670, AND 10% IN CCl4 FOR 670-250 CM^-^1)",1
SOLUTION (10% IN CCl4 FOR 3800-1300 AND 10% IN CS2 FOR 1300-400 CM^-^1),1
"SOLUTION (10% IN CCl4 FOR 3800-1300, 10% IN CS2 FOR 1300-450 CM^-^1)",1
"SOLUTION (10% IN CCl4 FOR 3800-1300, 10% IN CS2 FOR 1300-450 CM^-^1) VERSUS SOLVENT",1
"SOLUTION (10% IN CCl4 FOR 3800-1300, 10% IN CS2 FOR 1300-600, 10% IN CCl4 FOR 600-250 CM^-^1) VERSUS SOLVENT",2
"SOLUTION (10% IN CCl4 FOR 3800-1300, 10% IN CS2 FOR 1300-600, AND 10% IN CCl4 FOR 600-250 CM^-^1) VERSUS SOLVENT",2
"SOLUTION (10% IN CCl4 FOR 3800-1300, 10% IN CS2 FOR 1300-620, 10% IN CCl4 FOR 620-240 CM^-^1) VERSUS SOLVENT",1
"SOLUTION (10% IN CCl4 FOR 3800-1300, 10% IN CS2 FOR 1300-620, 10% IN CCl4 FOR 620-250 CM^-^1) VERSUS SOLVENT",2
"SOLUTION (10% IN CCl4 FOR 3800-1300, 10% IN CS2 FOR 1300-620, AND 10% CCl4 FOR 620-220 CM^-^1) VERSUS SOLVENT",1
"SOLUTION (10% IN CCl4 FOR 3800-1300, 10% IN CS2 FOR 1300-620, AND 10% CCl4 FOR 620-260 CM^-^1) VERSUS SOLVENT",1
"SOLUTION (10% IN CCl4 FOR 3800-1300, 10% IN CS2 FOR 1300-620, AND 10% CCl4 FPR 620-250 CM^-^1) VERSUS SOLVENT",1
"SOLUTION (10% IN CCl4 FOR 3800-1300, 10% IN CS2 FOR 1300-650, 10% IN CCl4 FOR 650-230 CM^-^1) VERSUS SOLVENT",3
"SOLUTION (10% IN CCl4 FOR 3800-1300, 10% IN CS2 FOR 1300-650, 10% IN CCl4 FOR 650-240 CM^-^1) VERSUS SOLVENT",4
"SOLUTION (10% IN CCl4 FOR 3800-1300, 10% IN CS2 FOR 1300-650, 10% IN CCl4 FOR 650-250 CM^-^1) VERSUS SOLVENT",12
"SOLUTION (10% IN CCl4 FOR 3800-1300, 10% IN CS2 FOR 1300-650, 10% IN CCl4 FOR 650-260 CM^-^1) VERSUS SOLVENT",1
"SOLUTION (10% IN CCl4 FOR 3800-1300, 10% IN CS2 FOR 1300-650, AND 10% CCl4 FOR 650-220 CM^-^1) VERSUS SOLVENT",1
"SOLUTION (10% IN CCl4 FOR 3800-1300, 10% IN CS2 FOR 1300-650, AND 10% CCl4 FOR 650-230 CM^-^1) VERSUS SOLVENT",1
"SOLUTION (10% IN CCl4 FOR 3800-1300, 10% IN CS2 FOR 1300-650, AND 10% CCl4 FOR 650-240 CM^-^1) VERSUS SOLVENT",6
"SOLUTION (10% IN CCl4 FOR 3800-1300, 10% IN CS2 FOR 1300-650, AND 10% CCl4 FOR 650-250 CM^-^1) VERSUS SOLVENT",4
"SOLUTION (10% IN CCl4 FOR 3800-1300, 10% IN CS2 FOR 1300-650, AND 10% IN CCl4 FOR 650-250 CM^-^1)",1
"SOLUTION (10% IN CCl4 FOR 3800-1300, 10% IN CS2 FOR 1300-650, AND 10% IN CCl4 FOR 650-250 CM^-^1) VERSUS SOLVENT",10
"SOLUTION (10% IN CCl4 FOR 3800-1300, 10% IN CS2 FOR 1300-650, AND 5% IN CCl4 FOR 650-360 CM^-^1) VERSUS SOLVENT",1
"SOLUTION (10% IN CCl4 FOR 3800-1300, 10% IN CS2 FOR 1300-670, 10% IN CCl4 FOR 670-250 CM^-^1) VERSUS SOLVENT",1
"SOLUTION (10% IN CCl4 FOR 3800-1300, 10.1% IN CS2 FOR 1300-650, AND 10.1% IN CCl4 FOR 650-250 CM^-^1) VERSUS SOLVENT",1
"SOLUTION (10% IN CCl4 FOR 3800-1300, 2% IN CS2 FOR 1300-600, AND 10% IN CCl4 FOR 600-250 CM^-^1)",1
"SOLUTION (10% IN CCl4 FOR 3800-1300, 2% IN CS2 FOR 1300-630, AND 10% IN CCl4 FOR 630-260 CM^-^1) VS. SOLVENT",1
"SOLUTION (10% IN CCl4 FOR 3800-1300, 2% IN CS2 FOR 1300-650, AND 10% IN CCl4 FOR 650-240 CM^-^1) VERSUS SOLVENT",3
"SOLUTION (10% IN CCl4 FOR 3800-1300, 2% IN CS2 FOR 1300-650, AND 10% IN CCl4 FOR 650-250 CM^-^1)",6
"SOLUTION (10% IN CCl4 FOR 3800-1300, 2% IN CS2 FOR 1300-650, AND 10% IN CCl4 FOR 650-250 CM^-^1) VERSUS SOLVENT",1
"SOLUTION (10% IN CCl4 FOR 3800-1300, 2% IN CS2 FOR 1300-650, AND 10% IN CCl4 FOR 650-250)",1
"SOLUTION (10% IN CCl4 FOR 3800-1300, 2% IN CS2 FOR 1300-650, AND 10% IN CCl4 FOR 650-280 CM^-^1) VS. SOLVENT",1
"SOLUTION (10% IN CCl4 FOR 3800-1300, 2.6% IN CS2 FOR 1300-700, AND 10% IN CCl4 FOR 700-250 CM^-^1) VS. SOLVENT",1
"SOLUTION (10% IN CCl4 FOR 3800-1300, 3% IN CS2 FOR 1300-650, AND 10% IN CCl4 FOR 650-250 CM^-^1) VS. SOLVENT",1
"SOLUTION (10% IN CCl4 FOR 3800-1300, 5% IN CS2 FOR 1300-650, AND 10% IN CCl4 FOR 650-240 CM^-^1) VERSUS SOLVENT",1
"SOLUTION (10% IN CCl4 FOR 3800-1300, 5% IN CS2 FOR 1300-650, AND 10% IN CCl4 FOR 650-250 CM^-^1) VS. SOLVENT",1
"SOLUTION (10% IN CCl4 FOR 3800-1320, 10% IN CS2 FOR 1320-400 CM^-^1)",1
SOLUTION (10% IN CCl4 FOR 3800-1330 AND 10% IN CS2 FOR 1330-400 CM^-^1),5
SOLUTION (10% IN CCl4 FOR 3800-1330 AND 10% IN CS2 FOR 1330-420 CM^-^1),1
SOLUTION (10% IN CCl4 FOR 3800-1330 AND 10% IN CS2 FOR 1330-450 CM^-^1),1
"SOLUTION (10% IN CCl4 FOR 3800-1330 CM^-^1, 10% IN CS2 FOR 1330-400 CM^-^1)",3
"SOLUTION (10% IN CCl4 FOR 3800-1330 CM^-^1, 10% IN CS2 FOR 1330-420 CM^-^1) VS. SOLVENT",1
"SOLUTION (10% IN CCl4 FOR 3800-1330 CM^-^1, 10% IN CS2 FOR 1330-450 CM^-^1)",3
"SOLUTION (10% IN CCl4 FOR 3800-1330 CM^-^1, 10% IN CS2 FOR 1330-460 CM^-^1) VS. SOLVENT",2
"SOLUTION (10% IN CCl4 FOR 3800-1330, 10% IN CS2 FOR 1330-400 CM^-^1)",18
"SOLUTION (10% IN CCl4 FOR 3800-1330, 10% IN CS2 FOR 1330-400 CM^-^1) VS SOLVENT",1
"SOLUTION (10% IN CCl4 FOR 3800-1330, 10% IN CS2 FOR 1330-400 CM^-^1) VS. SOLVENT",3
"SOLUTION (10% IN CCl4 FOR 3800-1330, 10% IN CS2 FOR 1330-420 CM^-^1) VS. SOLVENT",1
"SOLUTION (10% IN CCl4 FOR 3800-1330, 10% IN CS2 FOR 1330-440 CM^-^1)",1
"SOLUTION (10% IN CCl4 FOR 3800-1330, 10% IN CS2 FOR 1330-450 CM^-^1)",13
"SOLUTION (10% IN CCl4 FOR 3800-1330, 10% IN CS2 FOR 1330-450 CM^-^1) VERSUS SOLVENT",1
"SOLUTION (10% IN CCl4 FOR 3800-1330, 10% IN CS2 FOR 1330-460 CM^-^1)",3
"SOLUTION (10% IN CCl4 FOR 3800-1330, 10% IN CS2 FOR 1330-460 CM^-^1) VS. SOLVENT",2
"SOLUTION (10% IN CCl4 FOR 3800-1330, 10% IN CS2 FOR 1330-620, AND 10% CCl4 FOR 620-240 CM^-^1) VERSUS SOLVENT",1
"SOLUTION (10% IN CCl4 FOR 3800-1330, AND 10% IN CS2 FOR 1330-400 CM^-^1)",1
"SOLUTION (10% IN CCl4 FOR 3800-1330, AND 10% IN CS2 FOR 1330-460 CM^-^1)",1
"SOLUTION (10% IN CCl4 FOR 3800-1330,AND 10% IN CS2 FOR 1330-400 CM^-^1)",1
"SOLUTION (10% IN CCl4 FOR 3800-1330,AND 10% IN CS2 FOR 1330-400 CM^-^1) VERSUS SOLVENT",1
SOLUTION (10% IN CCl4 FOR 3800-1333 AND 10% IN CS2 FOR 1333-400 CM^-^1),5
SOLUTION (10% IN CCl4 FOR 3800-1333 AND 10% IN CS2 FOR 1333-440 CM^-^1) VS. SOLVENT,2
SOLUTION (10% IN CCl4 FOR 3800-1333 AND 10% IN CS2 FOR 1333-450 CM^-^1),4
SOLUTION (10% IN CCl4 FOR 3800-1333 AND 10% IN CS2 FOR 1333-450 CM^-^1) VS. SOLVENT,2
"SOLUTION (10% IN CCl4 FOR 3800-1333, 10% IN CS2 FOR 1333-400 CM^-^1)",4
"SOLUTION (10% IN CCl4 FOR 3800-1333, 10% IN CS2 FOR 1333-400 CM^-^1) VS. SOLVENT",1
"SOLUTION (10% IN CCl4 FOR 3800-1333, 10% IN CS2 FOR 1333-420 CM^-^1) VS. SOLVENT",1
"SOLUTION (10% IN CCl4 FOR 3800-1333, 10% IN CS2 FOR 1333-430 CM^-^1)",3
"SOLUTION (10% IN CCl4 FOR 3800-1333, 10% IN CS2 FOR 1333-450 CM^-^1)",15
"SOLUTION (10% IN CCl4 FOR 3800-1333, 10% IN CS2 FOR 1333-450 CM^-^1) VS. SOLVENT",1
"SOLUTION (10% IN CCl4 FOR 3800-1333, 10% IN CS2 FOR 1333-450, AND 10% IN C6H12 FOR 450-200 CM^-^1)",1
"SOLUTION (10% IN CCl4 FOR 3800-1333, 10% IN CS2 FOR 1333-460 CM^-^1)",3
"SOLUTION (10% IN CCl4 FOR 3800-1333, 10% IN CS2 FOR 1333-470 CM^-^1)",1
"SOLUTION (10% IN CCl4 FOR 3800-1333, AND 10% IN CS2 FOR 1333-400 CM^-^1)",1
"SOLUTION (10% IN CCl4 FOR 3800-1333, AND 10% IN CS2 FOR 1333-440 CM^-^1)",1
"SOLUTION (10% IN CCl4 FOR 3800-1333, AND 10% IN CS2 FOR 1333-450 CM^-^1)",2
"SOLUTION (10% IN CCl4 FOR 3800-1335 CM^-^1, 10% IN CS2 FOR 1335-420 CM^-^1)",1
"SOLUTION (10% IN CCl4 FOR 3800-1335, 10% IN CS2 FOR 1335-400 CM^-^1)",1
"SOLUTION (10% IN CCl4 FOR 3800-1335, 10% IN CS2 FOR 1335-450 CM^-^1)",2
SOLUTION (10% IN CCl4 FOR 3800-1340 AND 10% IN CS2 FOR 1340-400 CM^-^1),1
SOLUTION (10% IN CCl4 FOR 3800-1340 AND 10% IN CS2 FOR 1340-450 CM^-^1),3
"SOLUTION (10% IN CCl4 FOR 3800-1340 CM^-^1, 10% IN CS2 FOR 1340-600 CM^-^1)",1
"SOLUTION (10% IN CCl4 FOR 3800-1340 CM^-^1, 5% IN CS2 FOR 1340-400 CM^-^1)",1
"SOLUTION (10% IN CCl4 FOR 3800-1340, 10% IN CS2 FOR 1340-300 CM^-^1)",1
"SOLUTION (10% IN CCl4 FOR 3800-1340, 10% IN CS2 FOR 1340-400 CM^-^1)",6
"SOLUTION (10% IN CCl4 FOR 3800-1340, 10% IN CS2 FOR 1340-400 CM^-^1) VS. SOLVENT",1
"SOLUTION (10% IN CCl4 FOR 3800-1340, 10% IN CS2 FOR 1340-450 CM^-^1)",2
"SOLUTION (10% IN CCl4 FOR 3800-1340, 10% IN CS2 FOR 1340-460 CM^-^1)",1
"SOLUTION (10% IN CCl4 FOR 3800-1340, 10% IN CS2 FOR 1340-470 CM^-^1)",1
"SOLUTION (10% IN CCl4 FOR 3800-1340, AND 10% IN CS2 FOR 1340-400 CM^-^1)",1
"SOLUTION (10% IN CCl4 FOR 3800-1340, AND 10% IN CS2 FOR 1340-430 CM^-^1)",1
"SOLUTION (10% IN CCl4 FOR 3800-1340, AND 10% IN CS2 FOR 1340-450 CM^-^1)",2
"SOLUTION (10% IN CCl4 FOR 3800-1350, 10% IN CS2 FOR 1350-450 CM^-^1)",1
"SOLUTION (10% IN CCl4 FOR 3800-1350, 2.5% IN CS2 FOR 1350-600, AND 10% IN CCl4 FOR 600-250 CM^-^1)",1
"SOLUTION (10% IN CCl4 FOR 3800-1370, 10% IN CS2 FOR 1370-450 CM^-^1)",1
"SOLUTION (10% IN CCl4 FOR 3800-1400, 10% IN CS2 FOR 1400-620, AND 10% CCl4 FOR 620-240 CM^-^1) VERSUS SOLVENT",1
"SOLUTION (10% IN CCl4 FOR 3800-1400, 10% IN CS2 FOR 1400-650, 10% IN CCl4 FOR 650-420 CM^-^1)",1
"SOLUTION (10% IN CCl4 FOR 3800-1400, 10% IN CS2 FOR 1400-650, AND 10% IN CCl4 FOR 650-250 CM^-^1) VERSUS SOLVENT",1
"SOLUTION (10% IN CCl4 FOR 3800-1500 CM^-^1, 10% IN CS2 FOR 1500-450 CM^-^1)",1
"SOLUTION (10% IN CCl4 FOR 3800-1500, 2% IN CS2 FOR 1500-650, AND 10% IN CCl4 FOR 650-250 CM^-^1) VS. SOLVENT",1
"SOLUTION (10% IN CCl4 FOR 4000-1150 CM^-^1, 10% IN CS2 FOR 1150-450 CM^-^1) VS. SOLVENT",1
"SOLUTION (10% IN CCl4 FOR 4000-1200 CM^-^1, 10% IN CS2 FOR 1200-450 CM^-^1) VS. SOLVENT",1
"SOLUTION (10% IN CCl4 FOR 4000-1270 CM^-^1, 10% IN CS2 FOR 1270-460 CM^-^1) VS. SOLVENT",1
"SOLUTION (10% IN CCl4 FOR 4000-1300 CM^-^1, 10% IN CS2 FOR 1300-450 CM^-^1) VS. SOLVENT",2
"SOLUTION (10% IN CCl4 FOR 4000-1300, AND 10% IN CS2 FOR 1300-420 CM^-^1) VS. SOLVENT",1
"SOLUTION (10% IN CCl4 FOR 4000-1310, LESS THAN 10% IN CS2 FOR 1310-450 CM^-^1) VS. AIR",1
"SOLUTION (10% IN CCl4 FOR 4000-1320 CM^-^1, 10% IN CS2 FOR 1320-600 CM^-^1)",1
"SOLUTION (10% IN CCl4 FOR 4000-1330 CM^-^1, 10% IN CS2 FOR 1330-600 CM^-^1)",9
"SOLUTION (10% IN CCl4 FOR 4000-1330 CM^-^1, 10% IN CS2 FOR 1360-600 CM^-^1)",1
"SOLUTION (10% IN CCl4 FOR 4000-1330, 10% IN CS2 FOR 1330-420 CM^-^1) VS. SOLVENT",9
"SOLUTION (10% IN CCl4 FOR 4000-1340 CM^-^1, 10% IN CS2 FOR 1340-600 CM^-^1)",3
"SOLUTION (10% IN CCl4 FOR 4000-1340, 10% IN CS2 FOR 1340-650, AND 10% IN CCl4 FOR 650-325 CM^-^1) VS. SOLVENT",1
"SOLUTION (10% IN CCl4 FOR 4000-1340, 10% IN CS2 FOR 1340-650, AND 10% IN CCl4 FOR 650-350 CM^-^1) VS. SOLVENT",1
"SOLUTION (10% IN CCl4 FOR 4000-1350 CM^-^1, 10% IN CS2 FOR 1350-600 CM^-^1)",6
"SOLUTION (10% IN CCl4 FOR 4000-1380 CM^-^1, 10% IN CS2 FOR 1380-600 CM^-^1)",1
"SOLUTION (10% IN CCl4 FOR 5000-1330, 10% IN CS2 FOR 1330-625 CM^-^1)",1
"SOLUTION (10% IN CCl4 FOR 5000-1350 CM^-^1, 10% IN CS2 FOR 1350-625 CM^-^1)",64
SOLUTION (10% IN CCl4),2
SOLUTION (10% IN CS2),1
"SOLUTION (10.02% IN CCl4 FOR 3800-1300, 5.17% IN CS2 FOR 1350-650, AND 10.02% IN CCl4 FOR 650-250 CM^-^1) VERSUS SOLVENT",1
"SOLUTION (10.5% IN CCl4 FOR 3800-1300, 2% IN CS2 FOR 1300-650, AND 10.5% CCl4 FPR 650-240 CM^-^1) VERSUS SOLVENT",1
"SOLUTION (10.75% IN CCl4 FOR 3800-1300, 2.24% IN CS2 FOR 1300-620, AND 10.75% IN CCl4 FOR 620-250 CM^-^1) VERSUS SOLVENT",1
SOLUTION (100 g/L IN HEPTANE),4
SOLUTION (103 g/L IN HEPTANE),1
"SOLUTION (11% CCl4 FOR 3800-1000, 6% CS2 FOR 1000-650, AND 11% CCl4 FOR 650-250)",1
"SOLUTION (11% CCl4 FOR 3800-1200, 11% CS2 FOR 1200-650, AND 11% CCl4 FOR 650-250)",1
"SOLUTION (11% CCl4 FOR 3800-1280, 2% CS2 FOR 1300-650, AND 11% CCl4 FOR 650-250) VS SOLVENT",1
"SOLUTION (11% CCl4 FOR 3800-1280, 3% CS2 FOR 1280-620, AND 11% CCl4 FOR 620-240) VS SOLVENT",1
"SOLUTION (11% CCl4 FOR 3800-1300, 10% CS2 FOR 1300-650, AND 11% CCl4 FOR 650-250)",3
"SOLUTION (11% CCl4 FOR 3800-1300, 11% CS2 FOR 1300-600, AND 11% CCl4 FOR 600-250)",1
"SOLUTION (11% CCl4 FOR 3800-1300, 11% CS2 FOR 1300-650, AND 11% CCl4 FOR 650-240) VS SOLVENT",1
"SOLUTION (11% CCl4 FOR 3800-1300, 11% CS2 FOR 1300-650, AND 11% CCl4 FOR 650-250)",3
"SOLUTION (11% CCl4 FOR 3800-1300, 2% CS2 FOR 1300-600, AND 11% CCl4 FOR 600-250)",1
"SOLUTION (11% CCl4 FOR 3800-1300, 2% CS2 FOR 1300-650, AND 11% CCl4 FOR 650-250)",2
"SOLUTION (11% CCl4 FOR 3800-1300, 2% CS2 FOR 1300-650, AND 11% CCl4 FOR 650-250) VS SOLVENT",1
"SOLUTION (11% CCl4 FOR 3800-1300, 3% CS2 FOR 1300-635, AND 11% CCl4 FOR 635-240) VS SOLVENT",1
"SOLUTION (11% CCl4 FOR 3800-1300, 3% CS2 FOR 1300-650, AND 11% CCl4 FOR 650-250)",3
"SOLUTION (11% CCl4 FOR 3800-1300, 3% CS2 FOR 1300-650, AND 11% CCl4 FOR 650-250) $$ 99% PURE BY GLC",1
"SOLUTION (11% CCl4 FOR 3800-1300, 3% CS2 FOR 1300-650, AND 11% CCl4 FOR 650-300) VS SOLVENT",1
"SOLUTION (11% CCl4 FOR 3800-1300, 4% CS2 FOR 1300-650, AND 11% CCl4 FOR 650-250)",1
"SOLUTION (11% CCl4 FOR 3800-1300, 5% CS2 FOR 1300-570, AND 11% CCl4 FOR 440-250)",1
"SOLUTION (11% CCl4 FOR 3800-1300, 5% CS2 FOR 1300-650, AND 11% CCl4 FOR 650-250)",1
"SOLUTION (11% IN CCl4 FOR 3800-1270, 11% IN CS2 FOR 1270-650, AND 11% IN CCl4 FOR 650-250 CM^-^1) VS. SOLVENT",1
"SOLUTION (11% IN CCl4 FOR 3800-1300, 11% IN CS2 FOR 1300-620, AND 11% IN CCl4 FOR 620-250 CM^-^1) VERSUS SOLVENT",1
"SOLUTION (11% IN CCl4 FOR 3800-1300, 11% IN CS2 FOR 1300-650, AND 11% IN CCl4 FOR 650-250 CM^-^1)",1
"SOLUTION (11% IN CCl4 FOR 3800-1300, 11% IN CS2 FOR 1300-650, AND 11% IN CCl4 FOR 650-250 CM^-^1) VERSUS SOLVENT",1
"SOLUTION (11% IN CCl4 FOR 3800-1300, 11% IN TMP FOR 1300-650, AND 11% IN CCl4 FOR 650-250 CM^-^1) VERSUS SOLVENT",1
"SOLUTION (11% IN CCl4 FOR 3800-1300, 2% IN CS2 FOR 1300-650, 11% IN CCl4 FOR 650-250 CM^-^1) VERSUS SOLVENT",1
"SOLUTION (11% IN CCl4 FOR 3800-1300, 3% IN CS2 FOR 1300-620, AND 11% IN CCl4 FOR 620-250 CM^-^1)",1
"SOLUTION (11% IN CCl4 FOR 3800-1310, 9% IN CS2 FOR 1310-650, AND 11% IN CCl4 FOR 650-250 CM^-^1)",1
"SOLUTION (11% IN CCl4 FOR 3800-1330, 11% IN CS2 FOR 1330-400 CM^-^1)",1
"SOLUTION (11% IN CCl4 FOR 4000-1325, 11% IN CS2 FOR 1325-470 CM^-^1) VS. SOLVENT",1
SOLUTION (110 g/L IN BENZENE),1
"SOLUTION (12% CCl4 FOR 3800-1300, 2% CS2 FOR 1300-600, AND 12% CCl4 FOR 600-250)",1
"SOLUTION (12% IN CCl4 FOR 3800-1300, 11% IN CS2 FOR 1300-650, AND 12% IN CCl4 FOR 650-250 CM^-^1)",1
SOLUTION (146 g/L IN HEPTANE),2
SOLUTION (15% CHCl3),1
"SOLUTION (15% IN CCl4 FOR 3800-1400, 10% IN CS2 FOR 1400-620, AND 15% IN CCl4 FOR 620-250 CM^-^1)",1
SOLUTION (15% IN CHCl3),1
"SOLUTION (2% CCl4 FOR 2-7.5, 2% CS2 FOR 7.5-15.9 MICRON)",1
"SOLUTION (2% CCl4 FOR 2-7.5, 2% CS2 FOR 7.5-16.0 MICRON) VS SOLVENT",1
"SOLUTION (2% CCl4 FOR 2-7.6, 2% CS2 FOR 7.6-16.0 MICRON) VS SOLVENT",1
"SOLUTION (2% CCl4 FOR 3800-1300, 2% CS2 FOR 1300-650, AND 2% CCl4 FOR 650-250)",3
"SOLUTION (2% CCl4 FOR 3800-1330, 2% CS2 FOR 1330-400 CM^-^1)",8
"SOLUTION (2% CCl4 FOR 3800-1330, 2% CS2 FOR 1330-400 CM^-^1))",1
"SOLUTION (2% CCl4 FOR 3800-1330, 2% CS2 FOR 1330-400)",1
"SOLUTION (2% CCl4 FOR 3800-1330, 2% CS2 FOR 1330-400) VS SOLVENT",1
"SOLUTION (2% CCl4 FOR 3800-1330, 2% CS2 FOR 1330-450 CM^-^1)",2
"SOLUTION (2% CCl4 FOR 3800-1340, 2% CS2 FOR 1340-450 CM^-^1)",3
"SOLUTION (2% CCl4 FOR 3800-1350, 2% CS2 FOR 1350-430 CM^-^1)",1
"SOLUTION (2% CCl4 FOR 5000-1330, 2% CS2 FOR 1330-625 CM^-^1)",5
SOLUTION (2% CHCl3 FOR 2.5-12 MICRON),1
SOLUTION (2% CHCl3) VS SOLVENT,1
"SOLUTION (2% IN CCl4 FOR 3800-1330 CM^-^1, 2% IN CS2 FOR 1330-450 CM^-^1)",1
"SOLUTION (2% IN CCl4 FOR 3800-1330, 2% IN CS2 FOR 1330-400 CM^-^1)",4
"SOLUTION (2% IN CCl4 FOR 3800-1330, 2% IN CS2 FOR 1330-450 CM^-^1)",1
SOLUTION (2% IN CCl4 FOR 3800-1333 AND 2% IN CS2 FOR 1333-450 CM^-^1),1
"SOLUTION (2% IN CCl4 FOR 3800-1333, 2% IN CS2 FOR 1333-400 CM^-^1)",2
"SOLUTION (2% IN CCl4 FOR 3800-1333, 2% IN CS2 FOR 1333-400 CM^-^1) VS. SOLVENT",1
"SOLUTION (2% IN CCl4 FOR 3800-1333, 2% IN CS2 FOR 1333-450 CM^-^1)",3
SOLUTION (2% IN CHCl3) VS SOLVENT,1
SOLUTION (2% IN CS2),1
SOLUTION (2.2% CHCl3),1
SOLUTION (2.2% IN CS2),2
SOLUTION (2.5% IN CCl4 FOR 3800-1333 AND 2.5% IN CS2 FOR 1333-460 CM^-^1),1
SOLUTION (2.5% IN CCl4 FOR 650-250 CM^-^1),1
"SOLUTION (2.54 mg/ml IN 2,3-DIMETHYLBUTANE); $$ 95+% PURITY",1
"SOLUTION (20% CCl4 FOR 3900-1300, 20% CS2 FOR 1300-480 CM^-^1) VS SOLVENT",1
"SOLUTION (20% CCl4 FOR 4000-1200, 20% CS2 FOR 1200-450 CM^-^1) VS SOLVENT",1
"SOLUTION (20% CCl4 FOR 4000-1300, 20% CS2 FOR 1300-480 CM^-^1) VS SOLVENT",1
"SOLUTION (20% IN CCl4 FOR 4000-1300 CM^-^1, 20% IN CS2 FOR 1300-450 CM^-^1) VS. SOLVENT",2
"SOLUTION (20% IN CCl4 FOR 4000-1300, 10% IN CS2 FOR 1300-480 CM^-^1)",1
"SOLUTION (20% IN CCl4 FOR 4000-1320, 20% IN CS2 FOR 1320-450 CM^-^1) VS. SOLVENT",1
"SOLUTION (21.2 mg/ml IN 2,2-DIMETHYLBUTANE)",1
SOLUTION (224 g/L IN HEPTANE),1
SOLUTION (25 g/L IN HEPTANE),1
SOLUTION (3% CHCl3),2
SOLUTION (3.3% CHCl3),1
SOLUTION (3.5% CHCl3),1
"SOLUTION (4% CCl4 FOR 3800-1300, 2% CS2 FOR 1300-600, AND 4% CCl4 FOR 600-250)",1
SOLUTION (4.7% IN CHCl3),1
"SOLUTION (5% CCl4 FOR 2.5-7.5, 5% CS2 FOR 7.5-15 MICRON)",1
"SOLUTION (5% CCl4 FOR 3800-1300, 2% CS2 FOR 1300-550, AND 5% CCl4 FOR 600-230)",1
"SOLUTION (5% CCl4 FOR 3800-1300, 2% CS2 FOR 1300-600, AND 5% CCl4 FOR 600-240) VS SOLVENT",1
"SOLUTION (5% CCl4 FOR 3800-1300, 2% CS2 FOR 1300-620, AND 5% CCl4 FOR 620-210)",1
"SOLUTION (5% CCl4 FOR 3800-1300, 2% CS2 FOR 1300-650, AND 5% CCl4 FOR 650-250)",1
"SOLUTION (5% CCl4 FOR 3800-1300, 3% CS2 FOR 1300-500, AND 5% CCl4 FOR 500-250)",1
"SOLUTION (5% CCl4 FOR 3800-1300, 4% CS2 FOR 1300-650, AND 5% CCl4 FOR 650-250)",1
"SOLUTION (5% CCl4 FOR 3800-1300, 6% CS2 FOR 1300-630, AND 5% CCl4 FOR 630-250) VS SOLVENT",1
"SOLUTION (5% CCl4 FOR 3800-1330, 10% CS2 FOR 1330-400 CM^-^1)",1
"SOLUTION (5% CCl4 FOR 3800-1330, 5% CS2 FOR 1330-400 CM^-^1)",10
"SOLUTION (5% CCl4 FOR 3800-1330, 5% CS2 FOR 1330-400 CM^-^1) VS SOLVENT",1
"SOLUTION (5% CCl4 FOR 3800-1330, 5% CS2 FOR 1330-400 CM^-^1))",1
"SOLUTION (5% CCl4 FOR 3800-1330, 5% CS2 FOR 1330-400)",3
"SOLUTION (5% CCl4 FOR 3800-1330, 5% CS2 FOR 1330-420 CM^-^1)",2
"SOLUTION (5% CCl4 FOR 3800-1330, 5% CS2 FOR 1330-450 CM^-^1)",2
"SOLUTION (5% CCl4 FOR 3800-1330, 5% CS2 FOR 1330-460 CM^-^1)",3
"SOLUTION (5% CCl4 FOR 3800-1330, 5% CS2 FOR 1330-460)",1
"SOLUTION (5% CCl4 FOR 3800-1333, 5% CS2 FOR 1333-450 CM^-^1)",1
"SOLUTION (5% CCl4 FOR 3800-1335, 5% CS2 FOR 1335-400)",1
"SOLUTION (5% CCl4 FOR 3800-1335, 5% CS2 FOR 1335-450 CM^-^1)",1
"SOLUTION (5% CCl4 FOR 3800-1340, 5% CS2 FOR 1340-400 CM^-^1)",3
"SOLUTION (5% CCl4 FOR 3800-1340, 5% CS2 FOR 1340-465 CM^-^1) VS SOLVENT",1
SOLUTION (5% CCl4),1
SOLUTION (5% CHCl3 FOR 2.5-15 MICRON) VS SOLVENT,1
SOLUTION (5% CHCl3),1
"SOLUTION (5% IN CCl4 FOR 3800-1210, 2% IN CS2 FOR 1300-550, AND 5% IN CCl4 FOR 600-250 CM^-^1)",1
"SOLUTION (5% IN CCl4 FOR 3800-1270, 2% IN CS2 FOR 1270-625, AND 5% IN CCl4 FOR 625-210 CM^-^1)",1
"SOLUTION (5% IN CCl4 FOR 3800-1275, 2% IN CS2 FOR 1275-600, AND 5% IN CCl4 FOR 600-210 CM^-^1)",1
"SOLUTION (5% IN CCl4 FOR 3800-1275, 2% IN CS2 FOR 1275-600, AND 5% IN CCl4 FOR 600-220 CM^-^1)",1
"SOLUTION (5% IN CCl4 FOR 3800-1300, 1% IN CS2 FOR 1300-630, AND 5% IN CCl4 FOR 630-290 CM^-^1) VS. SOLVENT",1
"SOLUTION (5% IN CCl4 FOR 3800-1300, 2% IN CS2 FOR 1300-600, AND 5% IN CCl4 FOR 600-210 CM^-^1)",2
"SOLUTION (5% IN CCl4 FOR 3800-1300, 2% IN CS2 FOR 1300-600, AND 5% IN CCl4 FOR 600-250 CM^-^1) VS. SOLVENT",1
"SOLUTION (5% IN CCl4 FOR 3800-1300, 2% IN CS2 FOR 1300-620, AND 5% IN CCl4 FOR 620-250 CM^-^1) VS. SOLVENT",2
"SOLUTION (5% IN CCl4 FOR 3800-1300, 2% IN CS2 FOR 1300-630, AND 5% IN CCl4 FOR 630-220 CM^-^1)",1
"SOLUTION (5% IN CCl4 FOR 3800-1300, 2% IN CS2 FOR 1300-630, AND 5% IN CCl4 FOR 630-250 CM^-^1) VS. SOLVENT",1
"SOLUTION (5% IN CCl4 FOR 3800-1300, 2% IN CS2 FOR 1300-650, AND 5% IN CCl4 FOR 650-210 CM^-^1)",1
"SOLUTION (5% IN CCl4 FOR 3800-1300, 3% IN CS2 FOR 1300-635, AND 5% IN CCl4 FOR 635-250 CM^-^1)",1
"SOLUTION (5% IN CCl4 FOR 3800-1300, 5% IN CS2 FOR 1300-600, AND 5% IN CCl4 FOR 600-240 CM^-^1) VERSUS SOLVENT",4
"SOLUTION (5% IN CCl4 FOR 3800-1300, 5% IN CS2 FOR 1300-625, AND 5% IN CCl4 FOR 625-240 CM^-^1) VERSUS SOLVENT",1
"SOLUTION (5% IN CCl4 FOR 3800-1300, 5% IN CS2 FOR 1300-630, AND 5% IN CCl4 FOR 630-240 CM^-^1) VERSUS SOLVENT",1
"SOLUTION (5% IN CCl4 FOR 3800-1300, 5% IN CS2 FOR 1300-650, AND 5% IN CCl4 FOR 650-240 CM^-^1) VERSUS SOLVENT",5
"SOLUTION (5% IN CCl4 FOR 3800-1300, 5% IN CS2 FOR 1300-650, AND 5% IN CCl4 FOR 650-250 CM^-^1) VERSUS SOLVENT",1
"SOLUTION (5% IN CCl4 FOR 3800-1300, 5% IN CS2 FOR 1350-600, AND 5% IN CCl4 FOR 600-250 CM^-^1) VERSUS SOLVENT",1
"SOLUTION (5% IN CCl4 FOR 3800-1310, 2% IN CS2 FOR 1310-600, AND 5% IN CCl4 FOR 600-250 CM^-^1) VS. SOLVENT",1
"SOLUTION (5% IN CCl4 FOR 3800-1310, 2% IN CS2 FOR 1310-630, AND 5% IN CCl4 FOR 630-200 CM^-^1)",1
"SOLUTION (5% IN CCl4 FOR 3800-1330, 2% IN CS2 FOR 1330-600, AND 5% IN CCl4 FOR 600-250 CM^-^1) VS. SOLVENT",1
"SOLUTION (5% IN CCl4 FOR 3800-1330, 5% IN CS2 FOR 1330-400 CM^-^1)",1
"SOLUTION (5% IN CCl4 FOR 3800-1330, 5% IN CS2 FOR 1330-450 CM^-^1)",1
"SOLUTION (5% IN CCl4 FOR 3800-900, 2.8% IN CS2 FOR 900-600, AND 5% IN CCl4 FOR 600-250 CM^-^1) VS. SOLVENT",1
SOLUTION (5% IN CHCl3),1
"SOLUTION (5.2% IN CCl4 FOR 3800-1300, 5.15% IN 2,2,4-TMP FOR 1300-600, AND 5.2% IN CCl4 FOR 600-250 CM^-^1) VERSUS SOLVENT",1
SOLUTION (50 g/L IN BENZENE),1
SOLUTION (50 g/L IN HEPTANE),3
"SOLUTION (6% IN CCl4 FOR 3800-1000, 5% IN CS2 FOR 1100-550, AND 6% IN CCl4 FOR 550-250 CM^-^1)",1
"SOLUTION (6% IN CCl4 FOR 3800-1260, 2% IN CS2 FOR 1260-630, AND 6% IN CCl4 FOR 630-250 CM^-^1)",1
"SOLUTION (6% IN CCl4 FOR 3800-1300, 2% IN CS2 FOR 1300-425, AND 6% IN CCl4 FOR 425-250 CM^-^1) VS. SOLVENT",1
"SOLUTION (6% IN CCl4 FOR 3800-1300, 2% IN CS2 FOR 1300-640, AND 6% IN CCl4 FOR 640-250 CM^-^1)",1
"SOLUTION (6% IN CCl4 FOR 3800-1300, 2% IN CS2 FOR 1300-650, AND 6% CCl4 FOR 650-240 CM^-^1) VERSUS SOLVENT",1
"SOLUTION (6% IN CCl4 FOR 3800-1300, 2% IN CS2 FOR 1300-650, AND 6% IN CCl4 FOR 650-250 CM^-^1)",1
"SOLUTION (6% IN CCl4 FOR 3800-1300, 3% IN CS2 FOR 1300-550, AND 6% IN CCl4 FOR 550-250 CM^-^1) VS. SOLVENT",1
"SOLUTION (6% IN CCl4 FOR 3800-1300, 6% IN CS2 FOR 1350-680, AND 6% IN CCl4 FOR 680-240 CM^-^1) VERSUS SOLVENT",1
"SOLUTION (6% IN CCl4 FOR 3800-1320, 3% IN CS2 FOR 1320-630, AND 6% IN CCl4 FOR 630-220 CM^-^1)",1
SOLUTION (60 g/L IN HEPTANE),1
"SOLUTION (7% CCl4 FOR 3800-1250, 2% CS2 FOR 1250-650, AND 7% CCl4 FOR 650-250)",1
"SOLUTION (7% CCl4 FOR 3800-1330, 7% CS2 FOR 1330-440)",1
"SOLUTION (7% CCl4 FOR 3800-650, AND 11% CCl4 FOR 650-250)",1
SOLUTION (7% CHCl3 FOR 2-15 MICRON) VS SOLVENT,2
SOLUTION (7% CHCl3 FOR 2.5-12.5 MICRON) VS SOLVENT,12
SOLUTION (7% CHCl3 FOR 2.5-13.2 MICRON) VS SOLVENT,1
SOLUTION (7% CHCl3 FOR 2.5-15 MICRON) VS SOLVENT,4
SOLUTION (7% CHCl3),27
SOLUTION (7% CHCl3) VS SOLVENT,15
"SOLUTION (7% IN CCl4 FOR 3800-1300, 3% IN CS2 FOR 1300-650, AND 7% IN CCl4 FOR 650-230 CM^-^1)",1
SOLUTION (7% IN CHCl3 FOR 2.5-12 MICRON) VS. SOLVENT,1
SOLUTION (7% IN CHCl3 FOR 2.5-12.5 MICRON) VS. SOLVENT,5
SOLUTION (7% IN CHCl3 FOR 2.5-13 MICRON) VS. SOLVENT,1
SOLUTION (7% IN CHCl3 FOR 4000-650 CM^-^1) VS. SOLVENT,1
SOLUTION (7% IN CHCl3),48
SOLUTION (7.5% CHCl3),1
"SOLUTION (8% CCl4 FOR 3800-1330, 8% CS2 FOR 1330-400 CM^-^1)",1
SOLUTION (8% CHCl3),1
"SOLUTION (8.4% CS2 FOR 5000-2380 AND 1390-625, 8.4% C2Cl4 FOR 2380-1390 CM^-^1)",1
"SOLUTION (8.8% CCl4 FOR 3800-1330, 10% CS2 FOR 1330-400 CM^-^1)",1
"SOLUTION (9% CCl4 FOR 3800-1300, 10% CS2 FOR 1300-400 CM^-^1)",1
"SOLUTION (9% CCl4 FOR 3800-1300, 10% CS2 FOR 1300-650, AND 9% CCl4 FOR 650-250)",1
"SOLUTION (9% CCl4 FOR 3800-1300, 2% CS2 FOR 1300-630, AND 9% CCl4 FOR 630-250) VS SOLVENT",1
"SOLUTION (9% CCl4 FOR 3800-1330, 9% CS2 FOR 1330-400 CM^-^1)",1
SOLUTION (9% CHCl3),1
"SOLUTION (9% CS2 FOR 5000-2380 AND 1390-625, 9% C2Cl4 FOR 2380-1390 CM^-^1)",1
"SOLUTION (9% IN CCl4 FOR 3800-1300, 9% IN CS2 FOR 1300-620, 9% IN CCl4 FOR 620-300 CM^-^1) VERSUS SOLVENT",1
"SOLUTION (9.1 CS2 FOR 5000-2380 AND 1390-625, 9.1% C2Cl4 FOR 2380-1390 CM^-^1)",1
"SOLUTION (9.1% CS2 FOR 5000-2380 AND 1330-625, 9.1% C2Cl4 FOR 2380-1330 CM^-^1)",1
"SOLUTION (9.1% CS2 FOR 5000-2380 AND 1390-625, 9.1% C2Cl4 FOR 2380-1390 CM^-^1)",1
"SOLUTION (CCl4 (VS. CCl4) FOR 4000-1200, CS2 (VS. CS2) FOR 1200-450 CM^-^1)",1
"SOLUTION (CCl4 FOR 1-7.5, CS2 FOR 7.5-16 MICRON)",1
"SOLUTION (CCl4 FOR 2-10 MICRONS, CS2 FOR 10-16 MICRONS) VS. 0.005 CM SOLVENT",1
"SOLUTION (CCl4 FOR 2-10, CS2 FOR 9.1-16 MICRON) VS SOLVENT",1
"SOLUTION (CCl4 FOR 2-10.1, CS2 FOR 10.1-16 MICRON)",1
"SOLUTION (CCl4 FOR 2-10.2, CS2 FOR 9.3-16 MICRON) VS SOLVENT",1
"SOLUTION (CCl4 FOR 2-10.4, CS2 FOR 10.4-16 MICRON) VS SOLVENT",1
"SOLUTION (CCl4 FOR 2-10.4, CS2 FOR 9.7-16 MICRON) VS SOLVENT",1
"SOLUTION (CCl4 FOR 2-10.5 MICRONS, CS2 FOR 10.5-16 MICRONS) VS. 0.005 CM SOLVENT",1
"SOLUTION (CCl4 FOR 2-10.6, CS2 FOR 9.6-16 MICRON) VS SOLVENT",1
"SOLUTION (CCl4 FOR 2-10.9, CCl4 FOR 5.7-7.8, AND CS2 FOR 9.6-16 MICRON)",1
"SOLUTION (CCl4 FOR 2-11, CS2 FOR 10.8-16 MICRON) VS SOLVENT",1
"SOLUTION (CCl4 FOR 2-11, CS2 FOR 11-16 MICRON)",1
"SOLUTION (CCl4 FOR 2-11, CS2 FOR 11-16 MICRON) VS SOLVENT",1
"SOLUTION (CCl4 FOR 2-7.5, CS2 FOR 7.5-16 MICRON) VS SOLVENT",1
"SOLUTION (CCl4 FOR 2-9.0, CS2 FOR 9.0-16 MICRON)",2
"SOLUTION (CCl4 FOR 2-9.2, CS2 FOR 8.7-16 MICRON) VS SOLVENT",1
"SOLUTION (CCl4 FOR 2-9.2, CS2 FOR 9.2-16 MICRON)",1
"SOLUTION (CCl4 FOR 2-9.5 MICRONS, CS2 FOR 9.5-16 MICRONS) VS. 0.005 CM SOLVENT",1
"SOLUTION (CCl4 FOR 2-9.6, CS2 FOR 8.5-16 MICRON) VS SOLVENT",1
"SOLUTION (CCl4 FOR 2-9.6, CS2 FOR 9.3-16 MICRON) VS SOLVENT",1
"SOLUTION (CCl4 FOR 2-9.9, CS2 FOR 9.4-16 MICRON) VS SOLVENT",1
"SOLUTION (CCl4 FOR 2.0-7.5, CS2 FOR 7.5-15.8 MICRON)",1
"SOLUTION (CCl4 FOR 2.0-7.5, CS2 FOR 7.5-16.0 MICRON) VS SOLVENT",1
"SOLUTION (CCl4 FOR 2.0-7.6, CS2 FOR 7.6-16.0 MICRON) VS SOLVENT",1
"SOLUTION (CCl4 FOR 3800-1330, CS2 FOR 1330-400 CM^-^1)",1
"SOLUTION (CCl4 FOR 3800-1330, CS2 FOR 1330-450 CM^-^1)",1
"SOLUTION (CCl4 FOR 3800-1330, CS2 FOR 1330-625 CM^-^1)",1
"SOLUTION (CCl4 FOR 3800-2000, CS2 FOR 2000-450 CM^-^1)",1
SOLUTION (CCl4 FOR 3800-400) VS SOLVENT,1
"SOLUTION (CCl4 FOR 4000-1300, CS2 FOR 1300-450 CM^-^1) VS SOLVENT",1
"SOLUTION (CCl4 FOR 4000-1320, CS2 FOR 1320-450 CM^-^1) VS SOLVENT",1
"SOLUTION (CCl4 FOR 4000-1320, CS2 FOR 1320-600 CM^-^1)",1
"SOLUTION (CCl4 FOR 4000-1330 CM^-^1, CS2 FOR 1330-600 CM^-^1) VS. SOLVENT",1
"SOLUTION (CCl4 FOR 5000-1330, CS2 FOR 1330-625 CM^-^1)",1
"SOLUTION (CCl4/CsBr FOR 4000-1335, CS2/CsI FOR 1335-623, CCl4/CsBr FOR 623-300 CM^-^1)",1
SOLUTION (CH2Cl2),1
"SOLUTION (CS2 FOR 2-15 microns, AND C2Cl4 FOR 2-7.3 microns)",1
"SOLUTION (CS2 FOR 2-15 microns, AND C2Cl4 FOR 4-7.5 microns)",1
"SOLUTION (CS2 FOR 2-15 microns, AND C2Cl4 FOR 5-7.1 microns)",1
"SOLUTION (CS2 FOR 2-15 microns, AND C2Cl4 FOR 5-7.2 microns)",1
"SOLUTION (CS2 FOR 2-15 microns, AND C2Cl4 FOR 5-7.3 microns)",2
"SOLUTION (CS2 FOR 2-15 microns, AND C2Cl4 FOR 5-7.5 microns)",2
"SOLUTION (CS2 FOR 2-15, C2Cl4 FOR 5-7.2 MICRONS)",1
"SOLUTION (CS2 FOR 2-15, C2Cl4 FOR 5-7.5 MICRONS)",1
"SOLUTION (CS2 FOR 2-15, C2Cl4 FOR 6.1-7.6 MICRONS)",1
"SOLUTION (CS2 FOR 2-5 AND 7.3-15 microns, AND C2Cl4 FOR 5-7.3 microns)",1
"SOLUTION (CS2 FOR 2-5, C2Cl4 FOR 5-7.5, AND CS2 FOR 7.5-15 MICRONS)",1
"SOLUTION (CS2 FOR 2-6.2 AND 7.3-15 microns, AND C2Cl4 FOR 6.2-7.3 microns)",1
SOLUTION (CS2 FOR 3800-400 CM^-^1),1
"SOLUTION (CS2 FOR 5-15 microns, AND C2Cl4 FOR 2-7.7 microns)",1
"SOLUTION (CS2 FOR 5000-2380 AND 1390-625, C2Cl4 FOR 2380-1390 CM^-^1)",1
"SOLUTION (CS2 FOR 7.2-15 microns, AND C2Cl4 FOR 2-7.2 microns)",1
SOLUTION (CS2 SOLUTION VS. SOLVENT); $$ RESEARCH PURITY,1
SOLUTION (CS2 SOLVENT),1
SOLUTION (CS2),2
SOLUTION (CS2) VS. SOLVENT,2
SOLUTION (ETHYL ETHER),6
"SOLUTION (LESS THAN10% IN CCl4 FOR 4000-1330 CM^-^1, LESS THAN 10% IN CS2 FOR 1330-600 CM^-^1)",1
"SOLUTION (SALTED IN CCl4 FOR 3800-1340, SALTED IN CS2 FOR 1340-400 CM^-^1)",1
"SOLUTION (SALTED IN CCl4 FOR 3800-1340, SALTED IN CS2 FOR 1340-450 CM^-^1)",1
"SOLUTION (SATURATED - NOT FILTERED, CCl4 FOR 5000-1330, CS2 FOR 1330-625 CM^-^1)",1
SOLUTION (SATURATED IN BENZENE),4
SOLUTION (SATURATED IN CCl4 FOR 3800-1330 AND SATURATED IN CS2 FOR 1330-400 CM^-^1),1
"SOLUTION (SATURATED IN CCl4 FOR 3800-1350 CM^-^1, SATURATED IN CS2 FOR 1350-450 CM^-^1)",1
"SOLUTION (SATURATED IN CCl4 FOR 4000-1330 CM^-^1, SATURATED IN CS2 FOR 1330-600 CM^-^1)",1
"SOLUTION (SATURATED IN CCl4 FOR 4000-1340 CM^-^1, SATURATED IN CS2 FOR 1370-600 CM^-^1)",1
"SOLUTION (SATURATED IN CCl4 FOR 5000-1300, SATURATED IN CS2 FOR 1300-625 CM^-^1)",1
"SOLUTION (SATURATED IN CCl4 FOR 5000-1310 CM^-^1, SATURATED IN CS2 FOR 1310-625 CM^-^1)",1
"SOLUTION (SATURATED IN CCl4 FOR 5000-1350 CM^-^1, SATURATED IN CS2 FOR 1350-625 CM^-^1)",2
SOLUTION (SATURATED IN CS2 FOR 3800-450 CM^-^1),1
SOLUTION (SATURATED IN HEPTANE),3
SOLUTION (UNKNOWN CONCENTRATION IN CCl4) VS. CCl4,1
"SOLUTION 0.75% (CS2 FOR 2-6.2 AND 7.2-15 microns, AND C2Cl4 FOR 6.2-7.2 microns)",1
"SOLUTION 1% (CS2 FOR 2-14.9 microns, AND C2Cl4 FOR 3.5-7.4 microns)",1
"SOLUTION 1% (CS2 FOR 2-15 microns, AND C2Cl4 FOR 2-7.3 microns)",1
"SOLUTION 1% (CS2 FOR 2-15 microns, AND C2Cl4 FOR 6-7.2 microns)",1
"SOLUTION 1% (CS2 FOR 2-5.5 AND 7.2-15.3 microns, AND C2Cl4 FOR 5.5-7.2 microns)",1
"SOLUTION 1% (CS2 FOR 2-6.2 AND 7.2-15 microns, AND C2Cl4 FOR 6.2-7.2 microns)",1
"SOLUTION 1.3% (CS2 FOR 2-15 microns, AND C2Cl4 FOR 5-7.2 microns)",1
"SOLUTION 1.3% (CS2 FOR 2-15 microns, AND C2Cl4 FOR 5.5-8.7 microns)",1
"SOLUTION 1.3% (CS2 FOR 2-6.2 AND 7.2-15 microns, AND C2Cl4 FOR 6.2-7.2 microns)",1
"SOLUTION 10% (CS2 FOR 2-6.2 AND 7.2-15 microns, AND C2Cl4 FOR 6.2-7.2 microns)",1
SOLUTION 2% (CHCl3 FOR 2.5-12.5 microns),1
SOLUTION 2.3% (CHCl3 FOR 2-12.2 microns),1
SOLUTION 3% (CHCl3 FOR 2.5-12.5 microns),1
SOLUTION 5% (CHCl3 FOR 2.5-15 microns),1
SOLUTION 5% (CS2 FOR 2-15 microns),1
SOLUTION 7% (CCl4 FOR 2.5-15 microns),1
SOLUTION 7% (CHCl3 FOR 2-12.4 microns),1
SOLUTION 7% (CHCl3 FOR 2-15 microns),3
SOLUTION 7% (CHCl3 FOR 2.5-12.5 microns),19
SOLUTION 7% (CHCl3 FOR 2.5-12.5 microns) VS SOLVENT,1
SOLUTION 7% (CHCl3 FOR 2.5-12.6 microns),1
SOLUTION 7% (CHCl3 FOR 2.5-15 microns),9
SOLUTION 7% (CHCl3 FOR 2.512.5 microns),1
SOLUTION 7% (CHCl3),2
"SOLUTION 7% (CS2 FOR 7.5-15 microns, AND CCl4 FOR 2.5-7.5 microns)",15
SOLUTION SATURATED (CS2 FOR 2-15 microns),1
SOLUTION VS. SOLVENT,1
"SOLUTION, (10% IN CCl4 FOR 3800-1340, 2% IN CS2 FOR 1340-450 CM^-^1)",1
"SOLUTION, (20% CCl4 FOR 4000-1330, 20% CS2 FOR 1330-450 CM^-^1) VS SOLVENT",1
"SOLUTION, 10% CCl4 FOR 2.7-7.5, 10% CS2 FOR 7.5-26 MICRON) VS SOLVENT",1
"SOLUTION, ABOUT 10% SALTED (CCl4 FOR 3800-1330, CS2 FOR 1330-450 CM^-^1)",1
"SOLUTION, FILTERED (CCl4 FOR 3800-1330, CS2 FOR 1330-400 CM^-^1)",1
"SOLUTION, SALTED (10% CCl4 FOR 2.7-7.5, 10% CS2 FOR 7.5-26 MICRON) VS SOLVENT",1
"SOLUTION, SALTED (20% CCl4 FOR 3800-1333, 20% CS2 FOR 1333-450 CM^-^1)",1
"SOLUTION, SALTED (CCl4 FOR 2.7-7.5, CS2 FOR 7.5-26 MICRON)",2
"SOLUTION, SATURATED (CCl4 FOR 3800-1330, CS2 FOR 1330-450 CM^-^1)",1
"SOLUTION, SATURATED (CCl4 FOR 3800-1350, CS2 FOR 1350-400)",1
"SOLUTION, SATURATED AT ABOUT 1% (CCl4 FOR 4000-1330, CS2 FOR 1330-480 CM^-^1) VS SOLVENT",1
"SOLUTION, SATURATED AT LESS THAN 10% (CCl4 FOR 3800-1335, 10% CS2 FOR 1335-450 CM^-^1)",1
SSOLID (MINERAL OIL MULL),1
THIN FILM FROM C2HCl3 SOLUTION,1
"THIN FILM; MELT, COOLED RAPIDLY",1
VAPOR (0.5 MICROLITER AT 150 C),10
VAPOR (0.5 MICROLITER AT 195 C),2
VAPOR (1.0 MICROLITER AT 245 C),4
VAPOR (10 MICROLITER AT 150 C),3
VAPOR (12 MICROLITER AT 150 C),1
VAPOR (13 MICROLITER AT 150 C),1
VAPOR (15 MICROLITER AT 150 C),6
VAPOR (18 MICROLITER AT 180 C),3
VAPOR (20 MICROLITER AT 150 C),3
VAPOR (22 MICROLITER AT 150 C),1
VAPOR (25 MICROLITER AT 150 C),2
VAPOR (30 MICROLITER AT 150 C),1
VAPOR (35 MICROLITER AT 150 C),1
VAPOR (5 MICROLITER AT 150 C),3
"VAPOR (5 mmHg, N2 ADDED, TOTAL PRESSURE 600 mmHg)",1
VAPOR (6 MICROLITER AT 150 C),2
VAPOR (65 MICROLITER AT 150 C),1
VAPOR (8 MICROLITER AT 150 C),1
VAPOR (9 MICROLITER AT 150 C),1
VAPOR (ABOUT 35 mmHg),1
VAPOR (SATURATED),1
VAPOR AT 15 mmHg PRESSURE; $$ RESEARCH PURITY,1
VAPOR AT 16 mmHg PRESSURE; $$ RESEARCH PURITY,1
VAPOR AT 20 mmHg PRESSURE; $$ PURITY 99%,1
VAPOR AT 24.5 mmHg PRESSURE; $$ PURITY 95%,1
VAPOR AT 26 mmHg PRESSURE; $$ RESEARCH PURITY,1
VAPOR AT 30 mmHg PRESSURE; $$ B2H6 IMPURITY,1
VAPOR AT 30 mmHg PRESSURE; $$ RESEARCH PURITY,3
VAPOR AT 36 mmHg PRESSURE,1
VAPOR AT 55 mmHg PRESSURE; $$ RESEARCH PURITY,1
VISC. PASTE,1
gas,6683
liquid,19
solid,69
